author,similarity
presidenttrump_2016,0.27945912599563605
75000_Tokkul,0.2525990264885353
Slimerbacca,0.14646036640545468
Slimerbacca,-0.059965922435124705
lightninhopkins,0.34094567212948484
Fitbitnitwit,0.11762377146699213
Wannabe2good,-0.0863996297121048
relevantlife,0.08482585586607456
Ilovemotorcycles,-0.0025014244245760327
ohineedascreenname,0.1976104469121092
Dave1mo1,0.17733259404651844
Duckbilling,0.16423695534467697
Wannabe2good,-0.40144264698028564
stewed_ham,-0.007054614275693893
CasualEcon,0.2676957766215008
ImVeryOffended,0.41712377071380613
ent4rent,0.3652208089828492
bleahbloh,0.0
bubblesqueak,0.3649499416351319
Vranak,0.21896436611811324
powercow,0.15623934768861342
amadeupidentity,0.16593748649174792
dhamon,0.21249505877494818
Amac1414,0.1824245999759389
FattyCorpuscle,0.28791857610692034
TheNerdyNegro,0.22077221439204409
VylonSemaphore,0.23240083661084213
upads,0.2553768614927927
TheArtificialAmateur,0.12851881980895996
Katastic_Voyage,-0.14036414623260499
Boshasaurus_Rex,0.27195863479223015
iHeartCandicePatton,0.13823555727799736
delightmoto,0.21737478720290326
EnerGfuture,0.16032122610928573
ZapPowerz,0.22381666912994125
87788778,0.22166399482223725
structuralbiology,0.13606393987482243
MaximilianKohler,0.2682993006130227
LiterallyEvolution,0.20231997939861485
AyeMatey,0.1665014237165451
-917-,0.14945160969901058
nist7,0.4970693349838258
cerebral23,0.17777246634165444
Goodlake,0.029676258563995354
blarghusmaximus,0.29358041733503343
Aambrick,0.31347809090064127
Dvanpat,0.3454590141773224
OcculusResurrectio,0.19374143302440647
Dave1mo1,0.2383394289016724
Opechan,0.2621538352566185
herpderpedian,0.10734838843345644
xsited1,0.1736116171306507
OnNom,0.16005256459900283
DaleCutler,0.18394509930236666
donteatgrains,0.12553450571497282
RemoteViewingTrainee,0.3259496927261353
TrumpEnergy,0.16825839425025343
HitlerHistorian,0.2201102927327156
KyuuAA,0.2314816012575384
Callooh_Calais,0.07205268323421479
The_Revolutionary,0.2963175415992737
tomjoads,0.18607141710817818
thinkB4WeSpeak,0.14690616405927218
xadriancalim,0.10452505672055815
coupdetaco,0.14590874310882612
kingpen_1,0.1687846939811139
Shinranshonin,0.14933169843753177
dzastrus,0.15232013011420215
b1r2o3ccoli,0.20350518125776293
SatanicBloodOrgy,0.17446952089247364
cherrybombstation,0.13465126915409753
TeslaAddict,0.2450777083138625
cavehobbit,0.22897355195590718
HalalVeggieBacon,0.07326468725999197
Kolecr01,0.280378608306249
SenorKerry,0.27055496516681854
GamerToons,0.17345370948314667
Aelinsaar,0.13610763343989488
VylonSemaphore,0.20897848803214927
mjk1093,-0.0015247456729412013
seahawkguy,0.2816681616234057
Aambrick,0.0691990031136407
delightmoto,0.22270326614379884
The_Withheld_Name,0.16405718207359316
GreatEqualist,-0.03283244371414185
duckandcover,0.22742029825846355
aftonwy,0.14240047931671146
RunDNA,0.14046016087134683
OK_Compooper,0.0893692880388229
MaxwellFPowers,0.07600190507041085
yhwhx,0.35035740107297897
Mick0331,0.11217280477285385
DavidChristen,0.3065856814384461
ProblematicReality,0.1152409106492996
eyefish4fun,0.0809508942030883
MCvarial,0.04804877340793613
mutatron,-0.05174765855073928
TheBestof73,0.14274224635596297
Idolglows,0.18526847628804555
PostNationalism,0.30750087362069356
desmando,0.09660481972396619
gnarledout,0.16821724176406863
BigDickRichie,0.21821689814329148
presidenttrump_2016,0.23787244877507613
GatorNelson,0.16227082014083866
songbolt,0.2705356551520017
I_Lived_The_StarWars,0.13066802024841306
mutatron,0.11910936832427979
i_smell_my_poop,0.30339592265972054
JusticeRobbins,0.20172242531154913
NachoLawbre,0.2890915274620058
CaptainHarleyStorm,-0.005449344590306281
Tyburius,0.40353226661682134
laddersdazed,0.193296188657934
GiuseppeZangara,0.40616706609725955
greg_barton,0.1584909668276387
Intense_introvert,0.24404719571272537
Mick0331,0.008174036443233489
TheyShootBeesAtYou,0.1885550033301115
greg_barton,0.12706180531331288
2totwo,0.11517092138528826
Stoga,0.12412347644567494
tronald_dump,0.08514719009399412
cuteman,0.18378725051879888
lavendula13,0.08993447333574295
tomjoads,0.2133203387260437
SenorKerry,0.2560332452553896
fyngyrz,0.1886616048542368
fatcat111,0.30888315081596385
chopchopped,0.22347552139650695
KurtSTi,0.15900936387046694
dcismia,0.22494889497756962
Lari-Fari,0.25942782588919
x-ok,0.10217678546905515
Wannabe2good,-0.21118648052215575
to_1987,0.028672349452972406
Bigred2989,0.16672556150441217
MouthJob,0.24849155545234683
Senor_Tucan,0.3308287024497986
shahooster,0.23535708015499862
I_Hate_Disco,0.10726590066702446
Nevermore60,0.2842171378433705
DiscardedIdeas,0.28642974832119095
theflamingskull,0.22160065481456973
IHv2RtrnSumVdeotapes,0.1900191187858582
ZapPowerz,0.17603934691065837
Wannabe2good,-0.058289386332035065
fredbnh,0.3449436485767365
bontesla,0.15309678881307495
LackingAHeart,0.24528918266296387
HalalVeggieBacon,0.5640363842248917
paross,0.15089992864737622
not_a_clever_phrase,0.044975211954590116
tommyleeboners,0.28320461511611944
RemoteViewingTrainee,0.12834280729293826
juggilinjnuggala,0.28470488712191583
Fitbitnitwit,0.3036608045751399
live_action_yiyiyi,0.18360374559958778
1OOO,0.29391419887542725
newsagg,0.20622664690017703
DiscardedIdeas,0.14765564203262335
Manamarak,0.11852704435586932
hopopo,0.20756364021982465
Cat-no-Dog,0.13327898896973708
berger77,0.2720716953277588
Omnibeneviolent,0.14070325791835786
R_BirthStrike,0.23518422311615378
mingy,0.13102195262908933
BlankVerse,0.1980079122299392
Shogouki,0.20904353831808414
random_modnar_5,0.16586926989257336
winstonsmith7,0.16826830984968133
tomjoads,0.11974896751206547
restore_democracy,0.2078022556792339
hobbes305,0.23163576246892323
rhynodegreat,0.179347236516575
Manamarak,0.08545353293418885
jefeperro,0.2972294565911095
lapekes,0.3169195890426636
Kolecr01,0.5018796324729919
Puffin_fan,0.15573552995920184
GiveMeNotTheBoots,0.15204952784946987
txstoploss,0.22873750329017642
GeneralWackass,0.09716840595006945
shaunc,0.21815431118011475
ideasware,0.22421468146021167
MyOldUsernameSucked,0.22568120598793034
tehreal,0.0
CommanderMcBragg,0.004037253186106681
jpe77,-0.0705769416358736
Used-Car-Salesman,0.1961637590120814
littletoyboat,0.14983316278838063
10gauge,0.16001566964359948
BlatantConservative,0.23865779109653976
Kylde,0.09147212962236476
rob_shi,0.22688031272093453
cuteman,0.10107395052909854
TheGreatPrimate,0.12812253108348995
BigDickRichie,0.1941745430231095
Another-Chance,0.23623803059260057
bigvicproton,0.24117262797332367
k3rv1n,0.16252199811594828
libbylibertarian,0.3264223694801331
MouthJob,0.23133599825880752
dannydale,0.12615387216210366
FattyCorpuscle,0.15043619200587277
crumbbelly,0.0658272095024586
T1mac,0.2339720666408539
mikechi2501,0.2945170462131501
TeslaAddict,0.18027137121806538
WriterDave,0.14743741590596385
god_im_bored,0.1367199779153102
delightmoto,0.1388305325061083
shahooster,0.05833980441093447
Hipp013,0.16345265290037628
billbixbyakahulk,-0.03446408212184905
PM_UR_ARMPITS,0.2576509840560682
Kolecr01,0.18263505722085635
Shogouki,0.15251236324508982
geordilaforge,0.16689351797103885
TwistedMemories,0.2453391790390015
xsited1,0.08710777163505552
Another-Chance,0.21192355870376686
DrScientist812,0.2633749783039093
Wannabe2good,0.040568713843822504
Aiken_Drumn,0.18805328607559207
thinkB4WeSpeak,0.025941602541850163
Ganesha811,0.473251748085022
Slimerbacca,0.1425314044952393
Grond2016,0.1622773782965158
maydiner22,0.10306055112318557
seetler,0.21566549573625846
markpas,0.20625497829341402
shimmyshimmyy,0.19436083936538456
nebuchadrezzar,0.2394105795380385
jambears,0.1603357040544889
mdisred2,0.18384255219199275
HarlanCedeno,0.11305266618728635
rbobrodriguez,0.13311376869678498
howarddaniels9,0.17448644042015077
machlangsam,0.10898246718304498
jpe77,0.17497593942615722
TheThinMan34,0.19528680055776396
Kylde,0.13532895463354447
87788778,0.18207010787266956
free_libre,0.2515498233565314
twenafeesh,0.3123587012290955
eigenman,0.10842781066894529
StonerMeditation,0.22441845164412544
ChuckTestarossa,0.2093481220304966
Intense_introvert,0.3027191662788392
PM_UR_ARMPITS,0.5326039791107178
PikachuSquarepants,0.1812153831983988
ademnus,0.035740763321518904
Laxidazical,0.13347274735124875
IronyElSupremo,0.08814949214458467
free_libre,0.1666272913416227
Im__Bruce_Wayne__AMA,0.3142199416955312
Kylde,0.19572014804272092
NutritionResearch,0.26451385617256173
rrohbeck,0.32704342058726715
O_oo_O,0.053952365616957355
rufusjonz,0.15273146972511753
Adsterbail,0.15481929226054084
schwarzlowexix,0.17720283019125135
Nilbogtraf,0.17958413638903586
quakerorts,0.0005300964376638032
technologyisnatural,0.12550526374859247
MCvarial,0.12569407938999774
acupoftwodayoldcoffe,0.11793993889424834
Tsurupettan,0.19984524479500188
fungussa,0.2220623578469892
foxh8er,0.13672675536568224
endtimesranter,0.05939941335292092
mafco,0.2141647900485867
bligh8,0.1076061342842877
NachoLawbre,0.1225226656666824
epiphanot,0.04671097099781035
cornflake11,0.1179359447686873
statelessnfaithless,0.09350300719961525
mutatron,0.18874064348141356
RemingtonSnatch,0.17622572646617266
bligh8,0.045552314915781066
SRW90,0.14844452244894848
DrFreemanDyson,-0.3927836894989014
mafco,0.21195646530720952
bligh8,0.07397130702932675
CAulds,0.19293519258499148
MCvarial,0.19881824605825513
pnewell,0.09165020762003719
TheLamestUsername,0.1565615301573198
syuk,0.18316429631423434
peetss,0.0014802524412987723
FrenchCuirassier,0.2120143036934592
catawbasam,0.20611113756218552
mattkerle,0.11993911436605204
Docdante,0.16313081910407917
twoweektrial,0.10995116741216682
xsited1,0.09318101406097411
pkrhed,0.08608872079344657
yopd1,0.20174525939806143
xsited1,0.15702160619554067
lost_send_berries,0.24616384504451638
allenahansen,0.18923252182017264
grandma_alice,0.1651655899776148
jaykirsch,0.303144607938801
Arachnesloom,0.3030626500025391
HotSatin,0.09246882252491916
OK_Compooper,0.3455967664718628
MatthewTenThirtyFour,0.11480704545974729
songbolt,0.19035213124207273
Used-Car-Salesman,0.18011808977462257
eamus_catuli,0.15834031803740398
LoomisDove,0.08886443547076649
HS_00,0.16003721810934513
obx-fan,0.31559962630271904
r4ndpaulsbrilloballs,0.14078886998820694
IronyElSupremo,0.29996325174967453
greg_barton,0.2945828345514112
bligh8,0.03426052927970886
notreallyhereforthis,0.5087989568710327
coolbern,0.02759325653314591
cherrybombstation,0.2729651962220669
greg_barton,0.09398532521010673
telecaster,0.5308303833007812
rrohbeck,0.1567805324842929
androbot,0.13296476304531096
jambears,0.1597948232540922
AnomicAphasia,0.1376202370723089
Will_Power,0.11335286280345892
guy_incognito784,0.19572522646851015
Boshasaurus_Rex,0.17541716479546832
MangyWendigo,0.24202911679943406
RemingtonSnatch,0.12317778468132021
CommercialSolarGuy,0.05515270109487771
blarghusmaximus,0.25147211045870466
duckandcover,0.2955441636432495
chopchopped,0.1478827062453918
mafco,0.17066967548402015
Snote85,0.17094980520364997
CommercialSolarGuy,0.20363172451119613
Bastet1,0.32674369876449183
mafco,0.13320678794694815
chopchopped,0.1619058693695979
ZapPowerz,0.1651588901688901
MCvarial,0.1422263068729963
delightmoto,0.22100360170006753
ZapPowerz,0.2298131667122405
puzdawg,0.18443664843414562
winkelschleifer,0.4251250505447388
mafco,0.19290173244516864
recordcollection64,0.15995005984800034
Imapopulistnow,0.16349106431007387
DonManuel,0.19771779016226543
JAFO_JAFO,0.17198181152343753
LoomisDove,0.16190715882522308
tixmax,0.20143588185310365
ZapPowerz,0.22824048616669398
greg_barton,0.14425040483474733
conantheking,0.03665931026140849
JAFO_JAFO,0.13360925625550868
AlwaysABride,0.1646598259787138
KyuuAA,0.18999151095302041
EnerGfuture,0.14206230177507778
nebulousmenace,0.0915272854912921
Unhinged_Member,0.2560699922697885
Splenda,0.2686761260032654
Splenda,0.1632249041473473
Will_Power,0.1840648896992207
MCvarial,0.1821885638615331
mafco,0.11040719091848543
jsalsman,0.07875402119233167
gerwer,0.23149273395538333
MolestedConservative,0.1779769029882219
r4ndpaulsbrilloballs,0.284861617250876
DonManuel,0.11463819550392325
rrohbeck,-0.012792464494705183
not_a_clever_phrase,0.05126355290412902
Early70sEnt,0.1529231248602236
GeorgeTheNerd,0.17919276952743535
eyefish4fun,0.02699189225832621
ILikeNeurons,0.09579609632492074
JoshAAR,0.1713327056601639
raznarukus,0.16861598283420223
mafco,0.23980792921549315
eyefish4fun,0.1951720062891642
EnerGfuture,0.21170282329831805
PARK_THE_BUS,0.19599659070110065
Bigred2989,0.17043641404988397
Salsa_Johnny,0.08516680486500264
RenoBenteen,0.1839711626370748
mutatron,0.13656205251812936
nebulousmenace,0.16472245026141671
Echost,0.10507841128110891
CommercialSolarGuy,0.1622355019306924
technologyisnatural,0.14692910171987175
CapnTrip,0.17996669276423155
MahatmaBuddah,0.20901807546615603
Boshasaurus_Rex,0.09066338712397293
Aambrick,0.06466811299324036
nebulousmenace,0.1220088080992408
njmaverick,0.13829509019851688
Egorse,0.20400225301241054
the_ultravixens,0.28946087658405306
notreallyhereforthis,0.12333231795019318
Splenda,0.25365947484970097
polymute,0.3530627536773682
executivemonkey,0.15274241555195592
000111011,0.15310350779912107
knowjustice,0.1628629641873496
cybermage,0.2116151664770492
EnerGfuture,0.17796224489160398
allenahansen,0.25099348699053126
greg_barton,0.13804862729964715
technologyisnatural,0.16137491749091581
nothatjanedoe,0.23258879987020342
EnergyEnthusiast,0.20947006464004514
energydan,0.08140318393707277
rrohbeck,0.058296262472867975
cleancutmover,0.18654287159442906
presidenttrump_2016,0.18143958270749305
nebulousmenace,0.13558382916480605
EnerGfuture,0.21610827275684902
technologyisnatural,0.0871612519195134
golson3,0.1995878515369964
greg_barton,0.15206217642093023
Aambrick,0.09056515395641328
TRUMP_2016_MAGA,0.38506103754043586
CommercialSolarGuy,0.1685785738945561
mtgkoby,0.19696922521348154
xsited1,0.06944735050201414
canausernamebetoolon,0.13203955159105105
nebulousmenace,0.09532446563243867
nebulousmenace,0.09806329946626316
MCvarial,-0.003196921528026623
greg_barton,0.09343858841926819
Grokrok,0.2970240712165833
RemingtonSnatch,0.14502708938988773
JAFO_JAFO,0.14130190014839175
PM_UR_ARMPITS,0.24591436268853495
eleitl,0.2654461500216356
StonerMeditation,0.38120806217193604
nebulousmenace,0.08692073822021486
catawbasam,0.2782229423522949
AmoebaNot,0.18804429918527604
canausernamebetoolon,0.24039229878661775
mafco,0.19590565239719246
CommercialSolarGuy,0.276036024093628
temporarycreature,0.26099162697792055
Nikos_Danovich,0.34242677688598633
gleepeyebiter,0.26701011657714846
raven0usvampire,0.22409524304614203
dpfw,0.1275689536705613
Cyclone_1,0.15665392279624946
A_a_l_e_w_i_s,0.34758609677409075
RedditGreenit,0.19376088380813603
NutritionResearch,0.18852486312389377
Cyclone_1,0.05867586582899099
RedditGreenit,0.30292375087738044
perigrinator,0.276461973687013
seltaeb4,0.22173565468617853
network_dude,0.06320517063140868
RedditGreenit,0.22299106121063236
AlaskanPipeline04,0.06810446083545686
Cyclone_1,0.10627306103706369
mrcanard,0.1238510270913442
jpe77,0.1381816122554223
i_smell_my_poop,0.21016502834774636
Laxidazical,0.26290506672046593
maxwellhill,0.20755028239880502
Kush_back,0.1898512173603993
bay-to-the-apple,0.23263727447768148
MiserableFungi,0.21763013085065552
MaxwellFPowers,0.16082817316055298
Xatencio00,0.2533152187954296
GreatEqualist,-0.06657593319049246
structuralbiology,0.11610715948045255
perogies,0.17154550028408425
ademnus,0.19032223151561592
bsutansalt,0.30230020240501126
ademnus,0.26303650885820395
panopticon777,0.17197789824671214
Bookscrounger,0.17995868052045508
ghostofpennwast,0.23822918381801872
Marcassin,0.21222838014364245
c_more_glass,0.2030794769525528
kudeism,0.22097877797555457
ParameciaAntic,0.1349383048713207
k3rv1n,0.23858773107081652
grendelt,0.130037067681551
diff2,0.23835463458672174
cybermage,0.1405312079191208
Galaxy_Ranger_Bob,0.14359355671414295
Sun-Anvil,0.17216340328105775
realdoctorwhy,0.07319768130779265
Bookscrounger,0.18308380282554437
PathologyIncomplete,0.1409753038535516
clover_408,0.20885579233443496
JustMeRC,0.05175083577632905
jzas32,0.215726097424825
udder_mudder,0.18337628678689527
MaxwellFPowers,0.38329485058784485
Slimerbacca,0.10599203810095789
MaxwellFPowers,0.2566722631454468
Chessmasterrex,0.18670710623264314
dgodon,0.1552011761069298
bh2005,0.25631681084632874
nothatjanedoe,0.22111008271574978
ineedmoresleep,0.29901133775711075
MaxwellFPowers,0.25850653648376465
MaxwellFPowers,0.051513295620679855
realdoctorwhy,0.08201096951961516
Slimerbacca,0.23027099370956425
Spin_Me,0.16712469494084273
dcismia,0.09645034233687996
god_im_bored,0.11286467015743258
AlwaysABride,0.11856648564338684
Danger_Zone,0.16536308825016025
mutatron,0.1782629921346152
The_Zak-Attak,0.18859760093468206
EmergencyChocolate,0.13149998188018797
ghostofpennwast,0.3131116026882516
palsh7,0.12923613190650937
free_libre,0.08883001101868496
Dave1mo1,0.3064993751049042
jay_bro,0.20991526246070866
censoredandagain,0.15254371166229252
LatvianGiant,0.2134753939780322
blarghusmaximus,0.23351335805523527
philnotfil,0.2481502577286809
Kolecr01,0.19161162919926306
grendelt,0.09883875846862794
k3rv1n,0.1293743014335632
gopoohgo,0.2792498898506165
Mick0331,0.11625223314617085
GreatEqualist,0.14130500853061678
Ximitar,0.14714926752394866
protekt0r,0.310525131225586
jaykirsch,0.21955787224902049
k3rv1n,0.07854773998260496
MaxwellFPowers,0.3051803410053253
aggie1391,0.058871790766716
ZapPowerz,0.2290019301709181
raven0usvampire,0.19795774579378334
basalamader,0.3777167677879334
holocauster-ride,0.20477038621902466
cyanocittaetprocyon,0.20802146414077055
holocauster-ride,0.16943753871540632
ThePolemicist,0.2082878843149314
87788778,0.22505945772035738
i_smell_my_poop,0.2936489171433799
cookiemawo,0.3070734143257141
jimmyolsenblues,0.15528615499740187
PM_me_Venn_diagrams,0.23859661271174754
dev_c0t0d0s0,0.20532087484108458
tomjoads,0.148313537076431
Boshasaurus_Rex,0.16019094801535738
tomjoads,0.10676363497972488
TeslaAddict,0.2527616221479025
KubrickIsMyCopilot,0.2328968237746846
JulesHaggard,0.24492917556718571
Boshasaurus_Rex,0.11533614303207114
Boshasaurus_Rex,0.2009245238249952
random_modnar_5,0.11483487512135218
PM_me_Venn_diagrams,0.14031860950589178
Donutview,0.18571330015148438
thinkB4WeSpeak,0.20835812366663337
Logitech0,0.03019424359003704
taptapper,0.20927623321612684
flapflip,0.19895285651087766
Mafiya_chlenom_K,0.18746604281796558
SueZbell,0.21392054731548626
TheGreatPrimate,0.20692392030903398
Boshasaurus_Rex,0.18117451125548947
TheCocksmith,0.10764453967030231
Brad_Wesley,0.10885498523712156
uswhole,0.2583854824304581
Slimerbacca,0.23289239429049352
_PresidentTrump,0.19457082152366642
DsntMttrHadSex,0.21605251561216757
Rowlansm,0.16968053050339224
WengFu,0.30806817635893824
Boshasaurus_Rex,0.1160264778137207
HotSatin,0.15646358063877233
AmazonExplorer,0.17260409612504268
qabadai,0.2067779660224915
just_the_Tayyip,0.20925641774193612
Slimerbacca,0.21621624076013454
Intense_introvert,0.21238986717506114
Slimerbacca,0.11316055993239087
mutatron,0.17735213687159607
thatsconelover,0.26914018812002966
rationalcomment,0.17480542309906175
IHv2RtrnSumVdeotapes,0.40557588338851935
Adsterbail,0.15101534228846047
MangyWendigo,0.15674596836169566
notreallyhereforthis,0.25789163013299304
Grond2016,0.15703197502756827
Bigred2989,0.1861835735617398
Hyperdrunk,0.048872749827723334
dcismia,0.25598821973985164
delightmoto,0.18263253900739887
A_a_l_e_w_i_s,0.19979040814145096
BigDickRichie,0.24397909056809208
Thuban,0.07352730035781861
random_modnar_5,0.2178456542784708
DukeOfGeek,0.3012513875961304
TheCosmicSerpent,0.15217035708102314
free_libre,0.18329913259100963
Boshasaurus_Rex,0.23977312207221985
shaunc,0.17326743205388392
soopninjas,0.21150645860668035
Samurai_Shoehorse,0.1331901934794311
Healthy_Economist_86,0.16287127702509416
Batmanlives2,0.18107166101476035
udder_mudder,0.1996589374476558
ZapPowerz,0.16196217028025006
BakerAtNMSU,0.14295640325919107
tomjoads,0.23199505554038105
NeonDisease,0.27624339190396396
Bigred2989,0.10867150922616324
RedditRegerts,0.16397759788777042
TrendWarrior101,0.2695174903529031
hoosakiwi,0.16549648225307467
Gbcue,0.2713606423801846
Salsa_Johnny,0.14758202828111427
PM_me_Venn_diagrams,0.001467026025056873
undreamt_odds,0.23905175403830242
cyanocittaetprocyon,0.13898752169082654
MoonshineExpress,0.14510452598333362
WippitGuud,0.13877641210953398
KyuuAA,0.15677015009025733
IHv2RtrnSumVdeotapes,0.18360818382943914
Another-Chance,0.18978197997997678
CaliKing818,0.18323151973970966
TheCannon,0.17966382360635233
getthebestofredd,0.3046465420722962
Chessmasterrex,0.15558244196245485
Offthepoint,0.18200134379066665
libbylibertarian,0.19228521665679668
HitlerHistorian,0.23615138679742817
btbrian,0.2804269998423016
MahatmaGuru,0.16091507319726195
ZapPowerz,0.22348202975023365
TheNerdyNegro,0.249106946297803
jaykirsch,0.13745259041587513
startingover_90,0.341358365615209
Unhinged_Member,0.13872143881661553
Slimerbacca,0.18518027762571973
rareiamgery,0.21126821333989818
Kush_back,0.227350209094584
Boshasaurus_Rex,0.14553804268439613
Boshasaurus_Rex,0.04849844978405884
i_smell_my_poop,0.19152920570430654
Kharos,0.1914007391248431
Kylden_Ar,0.2959023922681809
NeonDisease,0.057794327506174636
They0001,0.16096968617088847
BlatantConservative,0.17281397630771
localbizdude,0.24016126701326082
AlaskanPipeline04,0.12328866785026832
eigenman,0.18839829152808457
Jmk1981,0.1195391014691383
waremi,0.23805035569650296
icedpickles,0.320849346073847
thinkB4WeSpeak,0.25097130308930693
Literally_A_Shill,0.22012158479212093
scontra788,0.18291280594323936
FattyCorpuscle,0.280532991886139
holocauster-ride,0.18554047011191943
iHeartCandicePatton,0.1731764289736748
readinitagain,0.2184871794399699
Galaxy_Ranger_Bob,0.23013596328405236
BushWillWin,0.06667627543210981
perigrinator,0.13747896546370658
thehugster,0.10196615598748088
pqdtwrkp,0.26118352904584674
Blackbeard_,0.06573272645473481
TrumpSanders2016,0.2567988928821352
Gringo_Please,0.20505910607242084
pizzlewizzle,0.19373462277145131
augustdazed,0.15574352126879268
FactsBeforeFiction,0.17608185665784926
CarolinaPunk,0.20597303583954887
Bookwormy13,0.13725543531182863
amaxen,0.11678443411534484
ShiraazMohamed,0.662850022315979
udder_mudder,0.18007292154897483
yelren,0.16575588766717692
Galaxy_Ranger_Bob,0.4138419628143311
stan93,0.17845743326989394
TheScamr,0.1425482899227313
delightmoto,0.13736109137535096
andrewdt10,0.24970892338617431
helenazucchini,0.3968331098556519
tryingtofindanswers,0.1723350298404694
anonuisance,0.3410236669778824
maybenot12,0.15661368324045552
CenturyTree,0.18026299208402635
Rowlansm,0.2502713171958947
jackbauers,0.2383887648582459
anonuisance,0.11926014164728778
ercax,0.14361212328076367
ZapPowerz,0.029200981557369235
Used-Car-Salesman,0.12036043368279935
theflamingskull,0.1977735142432015
hoosakiwi,0.14571613669395453
Slimerbacca,0.15984418516357743
Slimerbacca,0.19347358566596964
washheightsboy3,0.17114863002465833
HitlerHistorian,0.23112194631587377
IntrigueDossier,0.33241589845697367
A_Random_Poster1,0.10500486888664053
datenschwanz,0.22712734393361544
Unhinged_Member,0.004481080546975136
allenahansen,0.19946123306311317
imanimalent,0.05104242414236068
dysonnun,0.16248578898854313
Hyperdrunk,0.1568388188771337
crikey-,0.33056736474945436
Kush_back,0.17453539404604176
DennisOswine,0.15317806148865062
Rowlansm,0.22479219582942334
Gtarumble,0.23500092639661732
NickLevJpeg,0.21631302550396048
SenorKerry,0.07837230983589379
raven0usvampire,0.13035323616493708
TheCannon,0.1719594506367959
Used-Car-Salesman,0.1400878110902864
Wierd_Carissa,0.2782171775092963
Ganesha811,0.22747937164491136
Another-Chance,0.12338717171764067
Sarcasticorjustrude,0.12197159162138779
RubioWillWin,0.22307895280420778
udder_mudder,0.11644526896653355
gooduser_name,0.16510764212835405
terpin,0.12111670926518263
Wilreadit,0.23246464232603706
Jaws76,0.22674844488501553
KAU4862,0.1957699185588107
Mafiya_chlenom_K,0.15361429415956546
anonuisance,0.22477189339721984
BrocanGawd,0.146442578127096
Slimerbacca,0.22530025111304394
IvyGold,0.18670220264017362
rewfrew,0.16562277707788683
winstonsmith7,0.209942420959257
Stockinglegs,0.2211102039725692
Drumlin,0.21344064474105842
N8CCRG,0.2125613262721648
jambears,0.12789124501022425
thatsconelover,0.14358612255503736
HelluvaNinjineer,0.20154485106468203
random_modnar_5,0.2028631132218864
Life_in_the_tropics,0.06209514141082762
Tommyv11616,0.20169963051996903
AmazonExplorer,0.11052215002891089
rationalcomment,0.16104445535205458
Matthew37,0.1462182551849728
dev_c0t0d0s0,0.1357122600981684
HalalVeggieBacon,0.2964875102043152
TheCastro,0.20407416427192243
RPrevolution,0.21791405072063635
10gauge,0.1849425365527471
N8CCRG,0.20494965919146696
udder_mudder,0.22946805472484233
NachoLawbre,0.2161106841791244
Boshasaurus_Rex,0.20776680928088873
hobbes305,0.20795889671102452
fryamtheiman,0.2693143649715366
SenorKerry,0.09701585845649244
cherrybombstation,0.25029256971286873
libbylibertarian,0.2237408744881453
TheCocksmith,0.1376812905073166
louiscyr,0.13715922515839338
awa224,0.12332041238816012
MrMadcap,0.13022713959217072
WingsThings,0.19968283433339848
peregrine13,0.29205626249313354
RollerRagerMD,0.06694453507661821
TheLamestUsername,0.15768760949764146
crumbbelly,0.1657966701631193
BigDickRichie,0.27066017210483556
BlatantConservative,0.2198532607961838
machlangsam,0.1968905470337901
kelbokaggins,0.21291656310091053
stormyweather2,0.22117215692996983
myweaknessisstrong,0.12863134431342285
heykarlll,-0.013170339167118074
Savant_PSU,0.2690470576286316
Another-Chance,0.332348812950982
cherrybombstation,0.20284744614381175
darthatheos,0.16852432432053266
StealthUnicorn,0.2370881454149882
Boshasaurus_Rex,0.11707988068912968
Slimerbacca,0.164577445839025
HermitPrime,0.2428662540548378
MangyWendigo,0.2623408370293104
lumloon,0.2395443320274354
4609203,0.18757931287874255
HaywoodJablomie2512,0.3312468282381694
cherrybombstation,0.22808328817288084
mutatron,0.18847312306642044
Boshasaurus_Rex,0.25699780631245994
sm3lln03vil,0.15654434492446032
jpe77,0.22037563373358887
ghostalker47423,0.09814729498965401
ericdavidmorris,0.18982668559158566
free_libre,0.14375680207016792
terpin,0.19763685464859013
Boshasaurus_Rex,0.08108439683914184
machocamacho88,0.24332756678263348
gym00p,0.40950413346290593
dan603311,0.26515821345647184
Ifightclowns,0.11320340480241513
NeonDisease,0.18998867273330683
edbro333,0.13252895397225492
KAU4862,0.20266449197073175
anonuisance,0.2119893466967803
admin-abuse,0.12844006990393006
RemingtonSnatch,0.09888741292335369
USAOne,0.26936132576730526
Drumlin,0.09376752376556398
iZacAsimov,0.04235211163759234
TheCosmicSerpent,0.16185759668070365
HalalVeggieBacon,0.24696009326548807
sheshesheila,0.19923586497492823
Slimerbacca,0.061307104428609226
live_action_yiyiyi,0.11132804446293293
tomjoads,0.19059285704292114
Techno-Communism,0.1158832758665085
Slimerbacca,0.34377110799153654
stanxv,0.19406981766223907
PM_me_Venn_diagrams,0.19526515825821708
Troud,0.34405299343846063
Fuzzyphilosopher,0.16310933569836325
jpe77,0.2059387301757104
Slimerbacca,0.0735556999842326
Bigred2989,0.13769413519788676
DonManuel,0.19059323524502547
fungoid_sorceror,0.2193555994828543
kajanana,0.19817089809738445
saltcreep69,0.19590449915690855
Intense_introvert,0.1958004415966571
bontesla,0.1489380138119062
johnknoefler,0.07979703137290572
StumpyEddy,0.21494319807904586
notreallyhereforthis,0.2363417955736319
waremi,0.2394769687155883
tomjoads,0.02169906278806075
OnNom,0.19915950271887362
Eapie_314,0.1801541271628038
udder_mudder,0.17085040348112285
jimmyolsenblues,0.17290984787416797
Another-Chance,0.4079801294538711
Gimmie_A_Dollar,0.1627868324518204
dilirst,0.09642232060432436
MyOldUsernameSucked,0.23336050674824693
hyrule_king,0.12418419867753984
i_smell_my_poop,0.14248696477669814
Another-Chance,0.24391829205883875
Archchancellor,0.09460190280536418
jpe77,0.2130108046085268
Tommy_like_wingie,0.11578485965728758
ZapPowerz,0.21288274526596074
Used-Car-Salesman,0.22599741704761986
MahatmaBuddah,0.1838421009944307
Grond2016,0.2858934593815653
nebuchadrezzar,0.14493053864324446
TheGreatPrimate,0.16536742344950187
Slimerbacca,0.18596930772066117
Puffin_fan,0.1784629363837261
Amac1414,0.24024082147158116
r4ndpaulsbrilloballs,0.26250927311619315
MizzouRah22,0.1938537284731865
neurocentricx,0.09593840331903525
C5tWm77t5hMJC7m78845,0.16174442861974245
lorddimwit,0.19778846672011752
mutatron,0.19152083049599947
Matthew37,0.15957498051644456
HalalVeggieBacon,0.602378249168396
ShellOilNigeria,0.28704661042601975
raven0usvampire,0.19838975593447689
CashKing52,0.2296323835849762
brocket66,0.27655823420911196
The_Strange_Remain,0.20613178610801702
allenahansen,0.3089579370888797
Egorse,0.28594451993703845
shahooster,0.2813178658485413
NeonDisease,0.20894337320644232
Autarch_Kade,0.15065285563468936
CarolinaPunk,0.18242630142541164
anonuisance,0.1185298184553782
buddythebear,0.20567464406291647
WarLordM123,0.19900732728253523
lnfinity,0.1343077540397644
anonuisance,0.3050266308443887
udelblue,0.2004283219575882
Boshasaurus_Rex,0.2992603227496147
CasualEcon,0.12942378242455782
localbizdude,0.16622807490253697
Mafiya_chlenom_K,0.14544816842177408
StumpyEddy,0.2492110341787338
anonuisance,0.1826651910230042
jpe77,0.16940313678043173
ninjatune,0.152472761545485
tigerscomeatnight,0.1722475211566145
StoneColdStinkAustin,0.23696888387203222
motown89,0.15308370216667247
Dood567,0.14088819016012347
ShellOilNigeria,0.09525640919528626
Gimmie_A_Dollar,0.08944303393363955
JustSysadminThings,0.11696885526378084
jake531,0.17590756119677317
Frederic_Bastiat,0.23308033297459285
MahatmaBuddah,0.17086433804019507
Rowlansm,0.21225124427250455
welfarecuban,0.3059114826222261
sonofsmog,0.20820078386200802
75000_Tokkul,0.08567092070976894
Katastic_Voyage,-0.1223551332950592
Salsa_Johnny,0.2056945093167134
soopninjas,0.15831304192543033
Elzendobob,0.25599796772003175
orangejulius,0.17449645712971687
jcarnegi,0.4454193264245987
TrumpEnergy,0.19044739055861204
Bigred2989,0.22890272513031962
underweargnome04,0.20677860279877983
grewapair,0.03350597918033599
briancon,0.22377254472838506
bobweiszsucks,0.2636443912982941
Hyperdrunk,0.1418175662331509
tayaravaknin,0.1294764517148336
Raff_Out_Loud,0.13232487291097644
VylonSemaphore,0.09448559858969281
therealrickgrimes,0.1605170130729675
Slimerbacca,0.267624721924464
KyuuAA,0.17181852677701012
SurfaceBeneath,0.13024245500564577
Sarcasticorjustrude,0.11558969020843507
allenahansen,0.1398933198509642
augustdazed,0.23368572734716617
anonuisance,0.19687723395343096
KJ6BWB,0.1372614225562738
localbizdude,0.27549526604498475
Xatencio00,0.1538224571130493
julianorange,0.19642558693885806
welfarecuban,0.17367659476068287
TealOcelot,0.23172131180763245
Grond2016,0.11461271760364374
BigDickRichie,0.16925499425442134
cherrybombstation,0.15710316832601778
ParameciaAntic,0.2164041668176651
Wilreadit,0.17403572646054358
mutatron,0.193757371822993
gynoceros,0.2933410956309393
Used-Car-Salesman,0.3116989374160767
LAmoderate7,0.14185935088566373
TheThinMan34,0.21760358403599458
ace425,0.2632230208979713
agentf90,0.1327561999617943
chess_nublet,0.22988087811640331
NachoLawbre,0.2646666375921045
FeelTheJohnson1,0.10974315562248234
lordderplythethird,0.2495155513286591
Nuttin_Up,0.15014274502984992
Ashley8777,0.14340723454952242
Eurynom0s,0.47809596061706566
veritasserum,0.16027328952319092
HotSatin,0.23368767773542556
ThinkMinty,0.1865178469173492
PHealthy,0.1421382151544095
bmchugh0042,0.31266153544187547
TMWNN,0.1405849951505661
recipriversexcluson,0.13754406788132412
Slimerbacca,0.14573923484226803
BlatantConservative,0.20003726406542574
cybermage,0.2508483856916428
BigDickRichie,0.21934584216615413
XHF,0.2368008375167847
jambears,0.17465816736221318
PM_Me_YourBestParts,0.12195167243480683
DubTeeDub,0.022903951257467275
cybermage,0.3438402652740479
KaieriNikawerake,0.16741940975189215
cybermage,0.23272424463079208
jambears,0.36195126771926883
ShaunaDorothy,0.19617817997932438
MAGA_WA,0.18565561697639604
mellowmonk,0.28503875170868853
RemingtonSnatch,0.14280597079787735
Lutheritus,0.201716090941971
BlatantConservative,0.20012759170603955
overthrow23,0.19332179042247583
Not_A_Skeleton,0.05290732942521573
Slimerbacca,0.07241915687918665
BusbyBusby,0.2738457406179351
just_a_thought4U,0.2040378570556641
KAU4862,0.10294536711211409
horrorshowjack,0.2652025660706891
ujorge,0.04337734915316104
Boshasaurus_Rex,0.06115573942661286
Xenjael,0.18081652098337278
Adsterbail,0.13084213759473753
Zerowantuthri,0.47249894142150867
Gates9,0.26453022731072984
TheCosmicSerpent,0.1289549122254054
mdisred2,0.16090148280036976
Donald_2016,0.18593798580651102
Mtru6,0.10555632511774696
BlatantConservative,0.22006411616586977
93_Vector,0.02571341246366501
rewfrew,0.17569948897830082
allenahansen,0.22487684114621237
Damasticator,0.1928604492448152
Eurynom0s,0.17081804931163797
Samurai_Shoehorse,0.20030009890596076
general_nuisance,0.15598025840576343
HotSatin,0.25336993583111145
thinkB4WeSpeak,0.31516363126425534
helenazucchini,0.15326723777867868
ThePolemicist,0.24204228371381764
RapidCreek,0.2385933530330658
Mafiya_chlenom_K,0.1425814406889858
cool_but_not_cool,0.18739072460255704
Used-Car-Salesman,0.14281668895978883
Salsa_Johnny,0.17581745064066304
notreallyhereforthis,0.2184374934741548
Lovemesomediscgolf,0.12024363771080972
Samurai_Shoehorse,0.12049532532691964
ShellOilNigeria,0.1861588541393347
Tarkmenistan,0.24982910156250002
Dakshinamurthy,0.1857322316131071
maffick,0.2900220811367035
ani625,0.2319260498394006
julianorange,0.1066744387149811
DaveDegas,-0.018185440823435785
Boshasaurus_Rex,0.30752484338151087
jpe77,0.2375940144062042
TheLadyEve,0.16318344005582572
anonuisance,0.20618845614947773
SirLenzalot,0.18255707786493902
jpe77,-0.009270963072776793
thinkB4WeSpeak,0.12443598272156851
kit8642,0.18798103630542765
perogies,0.16788599699735646
Adsterbail,0.2880926256378492
tronald_dump,0.01949270367622375
jpe77,0.17682603903022814
Eapie_314,0.18480134529751652
apollocrush,0.15741505427966046
Boshasaurus_Rex,0.26345267040388926
Bigred2989,0.27607130372375166
generalnotsew,0.11312593370676043
scotchcleanscuts,0.1648841740106013
BigDickRichie,0.18997265473008157
PhilBlumburtt,0.017318204045295712
HitlerHistorian,0.18035338690007846
scontra788,0.1556698441505432
StoneColdStinkAustin,0.1743436764434657
Concise_Pirate,0.2237148562344638
holocauster-ride,0.05432156438537593
dejeneration,0.21726751617259454
Tries_Too_Hard,0.048377862572669975
MyOldUsernameSucked,0.20907812118530278
yavapai,0.21506150580067987
USASuperUnknown,0.14711810216928525
R_BirthStrike,0.1512157189846039
jpe77,0.17169087810234893
god_im_bored,0.2041551380639985
Stoga,0.25579871982336055
TheyShootBeesAtYou,0.15524683995172384
Sun-Anvil,0.2550265043973923
AlaskanPipeline04,0.18086435347795488
KubrickIsMyCopilot,0.22836827111966684
live_action_yiyiyi,0.1248703387565911
Slimerbacca,0.11701213883029093
Slimerbacca,0.18559824824333196
perigrinator,0.14189979050840654
tonybyatt,0.18906657424840062
comjaw,0.2305985033512116
mrkrabz1991,0.15173504979986893
AtomicFartingMachine,0.13252134408269614
junkyardmessiah,0.23852127317960067
twtCharlie,0.12153602367953252
udder_mudder,0.1499334133196649
dirtyfries,0.18121067148943748
udder_mudder,0.2172406348847507
Sun-Anvil,0.27091110331813495
BlatantConservative,0.1270137858390808
Snukkems,0.1123163978507122
perogies,0.23403555750846874
machlangsam,0.23268152461664737
A_Random_Poster1,0.32778689066569017
winstonsmith7,0.029890397191047684
BlatantConservative,0.17079570727222243
Schinus99,0.22700839953452173
Adsterbail,0.2277077291612951
TeslaAddict,0.14929656879694178
lovesaints,0.06537973880767821
jeff4952,0.250437139508731
kalel1980,0.13536470187882407
free_libre,0.16304851770401008
TheCosmicSerpent,0.29399583041667937
Boshasaurus_Rex,0.24576354685968957
HS_00,0.1987722812317036
Hahahahahahai,0.15624915882945062
terpin,0.16640096306800847
Blame_the_ninja,0.07622975260019303
HitlerHistorian,0.25540345636822964
tankpuss,0.2184067025780678
GreatEqualist,-0.37322144508361815
Ximitar,0.1639748872124572
startingover_90,0.17858409485859394
MischiefDame,0.20798384050528212
mockassin,0.16944979503750804
OMGWTFBBQUE,0.18715866499995076
mugrimm,0.04183332771062852
rationalcomment,0.22412674347600897
GonzoVeritas,0.21737108594991947
delightmoto,0.19765104269608857
Shwampy10,0.09445707056050501
arjun1967,0.2105643907454279
terpin,0.11807956695556643
dzastrus,0.24249153877319743
andrewdt10,0.13253769110888244
jpe77,0.03773055244754587
monkiesnacks,-0.11488315165042874
terpin,0.20292983582386606
markpas,0.08507078289985656
jpe77,-0.02776706665754318
Sun-Anvil,0.232697206735611
presidenttrump_2016,0.13773543571432434
Matthew37,0.23621301434878256
HowDo_I_TurnThisOn,0.17085333201620315
TheyShootBeesAtYou,-0.006500845402479173
karmatiger,0.13400357007980343
Rtreesaccount420,0.14774991279358374
GoldPenis,0.18129445575177675
JWAxeMan,0.271826075369007
anonuisance,0.17839334169746857
Hail_Parrot,0.09997162222862246
ericdavidmorris,0.1874856483799396
arjun101,0.1387098178267479
GoldPenis,0.2688525558967459
CashKing52,0.2707539796829224
ImNotYeezus,0.2876967175139321
EIEIOOooo,0.09371629918946163
Aquaman5000,0.19379161842285642
RemingtonSnatch,0.20173132983701572
paross,0.21303483843803409
dan603311,0.26539618447422986
wontimeicountedtwoat,0.15306402804950875
redhatGizmo,0.20968662682807815
Kingsolomanhere,0.23049305629583058
vanparker,0.16433958626928785
comjaw,0.24821097850799564
imanimalent,0.13381282836198807
imin2film,0.19477454693104052
Aelinsaar,0.1989803643453689
KyuuAA,0.38262906074523934
welfarecuban,0.1952720687455601
notreallyhereforthis,0.17237092311469288
Soghain,0.09035099397102993
hobbes305,0.22593617295935045
Boshasaurus_Rex,0.2362570849806071
jkub101,0.2880244374275208
BDB_JCD,0.21936009508316162
Betsy514,0.19674455795023177
Grond2016,0.4156066219011943
catpor,0.26336855394144854
Concise_Pirate,0.13642497441420953
delightmoto,0.26084672225846184
Boshasaurus_Rex,0.19739757755817558
Imapopulistnow,0.13211163282394411
PrivateCoporalGoneMD,0.2031040517318409
LouisBalfour82,0.2588280114862654
aresef,0.08006587922573091
Now_You_Did,0.3016120433807373
throw_karma,0.21754848931768545
ShellOilNigeria,0.2546908724087256
willwurkforbitcoins,0.15630593058615053
Imapopulistnow,0.17059253193438056
edbro333,0.31696045398712164
restore_democracy,0.17723387479782102
TwistedMemories,0.22179895666257815
AeroElectro,0.1836682815353076
NeonDisease,0.20633900165557856
welfarecuban,0.13466734680418788
RPrevolution,0.5164210597674052
Traspen,0.12157085537910463
DeportJJAbrams,0.16479633060429946
ghill1213,0.16283831571303975
recipriversexcluson,0.14660728658088532
Unhinged_Member,0.2224073052406311
boi88,0.20237904042005542
Boshasaurus_Rex,0.10097514629534313
Nichtmagisch,0.1597478133108881
They0001,0.23467961705813617
BlatantConservative,-0.09085588753223417
free_libre,0.17374954017657793
JulesHaggard,0.2479279650913345
cherrybombstation,0.22828149089106808
-917-,0.2038095431360934
TurboSalsa,0.20364379306006994
Artist_1,0.36099856760766774
mentat70,0.23797484029939173
VulcanHobo,0.06302985623478892
Slimerbacca,0.139420747038057
BlatantConservative,0.3173304423689843
absolutspacegirl,0.22777910381555558
ani625,0.12105976591507593
veritasserum,0.1929781853884459
DeportJJAbrams,0.2115367793157776
Boshasaurus_Rex,0.14292928894360862
Chino1130,0.2496041893959046
ani625,0.13642752104059416
Quazimodal,0.18884677893814006
weehawkenwonder,0.14131903577418556
Slimerbacca,0.11202099223931633
JLPwasHere,0.06491996347904207
LackingAHeart,0.23052596705300468
dodgersbenny,0.21783816814422607
hobbes305,0.24734326268314685
perfectionits,0.24004651205880306
The_Revolutionary,0.11979951049600328
strattonbrazil,0.24812369942665105
88leo,0.2037843555212021
dan603311,0.14778297543525698
ZapPowerz,0.18380623995510825
Boshasaurus_Rex,0.2314011973142624
SRW90,0.21708564307008477
Unhinged_Member,0.16258401700428554
Boshasaurus_Rex,0.24857348144054414
atomic1fire,0.3295278852184614
lizardflix,0.07336137294769285
paulfromatlanta,0.24634648181994762
cybermage,0.14871107816696166
BDB_JCD,0.2824815080886944
cybermage,0.10533538043498994
bontesla,0.04252324104309081
Disco_Drew,0.15364445447921757
KAU4862,0.26445404607723794
cybermage,0.1759614850935482
elfatgato,0.17948989446659772
bontesla,0.13915143711680686
CommanderMcBragg,0.1473981761435667
ani625,0.21614778836568194
EmergencyChocolate,-0.01036209166049957
cynycal,0.0688753546699708
tomjoads,0.31150028605766483
VylonSemaphore,0.16066232622142823
Slimerbacca,0.12451095901197752
Slimerbacca,0.10803790887196861
subpoenis,0.1933434692025185
MarmadukeHammerhead,0.16610373865965514
Xatencio00,0.2863853640026517
nebuchadrezzar,0.12449323364666531
Explodingscience,0.23559458037505404
DonManuel,0.07405767608790906
random_modnar_5,0.17593551745898878
Nevermore60,0.3225116194619073
cherrybombstation,0.4274289608001709
notreallyhereforthis,0.14674700275063512
crumbbelly,0.22451230850484638
Unhinged_Member,0.18436884168121556
welfarecuban,0.20107587575912478
Stoga,0.26699080467224134
crubster,0.2132580478498777
Kingsolomanhere,0.15190454689164956
N8CCRG,0.22433134029637358
Another-Chance,0.07467120091120404
GreatEqualist,-0.1678132653236389
NeonDisease,0.1278552405587558
lavendula13,0.2031429986159007
aDAMNPATRIOT,0.2473572906638895
Commentcarefully,0.38532438864864194
fatcat111,0.10708724185824399
emr1028,0.6482744216918945
MusikLehrer,0.18095295544826626
fourredfruitstea,0.18540733133400508
derpexpress,0.18267818103700964
ktchong,0.11060203611850739
ONeill_Two_Ls,0.09414301812648773
Used-Car-Salesman,0.1913098371525606
cherrybombstation,0.23057454824447632
tomjoads,0.03460428714752198
Quazimodal,0.08618907591810934
Snukkems,0.26061993141022943
withmirrors,0.1612187299719363
hahaitwasme,0.1885577104588947
Danger_Zone,0.10843313569823902
Rtreesaccount420,0.11316728556220063
GreatEqualist,0.07397236227989198
Borommakot4potentate,0.23603374337156616
localbizdude,0.1522320023604802
PM_me_Venn_diagrams,0.25998062557103685
ragonk_1310,-0.024718353152275076
xsited1,0.10172952413558958
TeslaAddict,0.1954044967558649
cherrybombstation,0.2798800528049469
JazzKatCritic,0.05246467888355254
ResponsbleSlaveOwner,0.10095835924148558
Samurai_Shoehorse,0.1677648931741715
BlatantConservative,0.2513537406921387
fencerman,0.3557646274566651
BitmapDinosaur,0.1451528219079638
LifeProPenisTip,0.0714114971458912
Beast_Allah_Mode,0.2125216735377908
KAU4862,0.10534976336204414
completelyowned,0.20586490631103524
ChuckTestarossa,0.1272233482201894
Pinetarball,0.17909735441207889
basalamader,0.23311081528663635
Sarcasticorjustrude,0.18287090063095096
Scuderia,0.16520294547080994
LuxReflexio,0.013209982216358187
Boshasaurus_Rex,0.16319360590084295
PM_me_Venn_diagrams,0.3359609663486481
NachoLawbre,0.4126196622848513
Ramy_,0.18300015926361085
Snukkems,0.3030024526865347
cherrybombstation,0.7089921236038208
BuzzAldrinsPunch,0.07336850613355637
Ashley8777,0.2184133887290955
Banthi_Usoko,0.093049798480102
Big_Bag_Of_Nope,0.2674650353414041
hoosakiwi,0.19892470995585126
Aquaman5000,0.1035612642765045
Stryker682,0.19001219868659977
paross,0.2009158718089263
HitlerHistorian,0.23456381959574565
HaywoodJablomie2512,0.16957188248634342
palomablanca,0.1201483872532845
markpas,0.13259842097759247
xsited1,0.10339133739471433
goofball_jones,0.017683164775371546
Samurai_Shoehorse,0.20584007833153017
TeslaAddict,0.15292282160785464
cybermage,0.18741376042366029
Grond2016,0.23223658561536725
arjun1967,0.3341768095493317
WhiteLaceTank,0.07759307026863099
neatopat,0.2054810890886519
winstonsmith7,0.2235814541578293
rewfrew,0.09384826819101967
CaptCurmudgeon,0.16207380635397775
WASNITDS,0.08618613556027413
l0rdishtar,0.00855885297060013
Boshasaurus_Rex,0.19482119321823121
The_Collector4,0.18066715187066565
god_im_bored,0.20776593039433164
Slimerbacca,0.23851374785105395
dghughes,0.21580340077143004
Sysiphuz,0.1563503382461412
They0001,0.15599275588989256
Thewallmachine,0.19308203458786016
rewfrew,0.1512064109413177
seabass_bones,0.1187067413941408
Slimerbacca,0.20613961424756178
awa224,0.20726236232737613
RapidCreek,0.19870874164626004
yhwhx,0.16671707190573218
PM_me_Venn_diagrams,0.15270735546946526
RemingtonSnatch,0.06971005350351335
EIEIOOooo,0.09478076398372652
bridgemender,0.3019192814826966
Diversionthrow,0.2209858655929566
Gigahades,0.19830808192491534
el_muchacho_loco,0.18200529595216117
jpe77,0.20353216984739866
xxsandmanxx,0.15481876730918886
Lutheritus,0.09371686546966947
Sarcasticorjustrude,0.11588277578353882
Another-Chance,0.14631395141283673
son_of_stone,0.10089071393013001
Miotoss,0.30325012207031254
GreenStrong,0.2250378128555086
Desalvo23,0.22720131576061253
Rowlansm,0.20549434328273744
AntonioOfVenice,0.1713654458522797
anonuisance,0.24003547042954804
inquirewue,0.04191842414815019
god_im_bored,0.1362393625867036
lorddimwit,0.3296072959899903
ReallyHender,0.19739828109741211
gopoohgo,0.11170588016510008
guy_incognito784,0.2502397656440735
seshfan,0.22539621435381751
ogbarisme,0.19044164344668388
songbolt,0.1413502003828351
DaveDegas,0.07871315181255342
RollerRagerMD,0.17925517380237582
Another-Chance,0.050923050608899845
Another-Chance,0.1701986536536283
elitebook840,0.14963277121556218
glooka,0.28048267364501955
jhc1415,0.20545654230647617
udder_mudder,0.19415110983151607
paladingamble,0.11046346245067461
ILikeLenexa,0.16535653850206966
UnhandledInception,0.20176874399185182
libbylibertarian,0.05376147031784059
tomjoads,0.33694424629211434
Slimerbacca,0.20085987456889529
gym00p,0.23723253806432093
Boshasaurus_Rex,0.0651363541185856
mingy,0.183108123143514
Kush_back,0.2994182268778483
ninjatune,0.08902239116529626
DiscardedIdeas,0.11642097005477323
apple_kicks,0.21125411616657125
WengFu,0.3480134705702464
Grond2016,0.08180557588736219
cpoakes,0.2933920741081239
OTubarao,0.1635495841503144
geordilaforge,0.195312774181366
HS_00,0.11040520668029782
tayaravaknin,0.24368072999355408
NachoLawbre,0.1202376804528413
Eurynom0s,0.28744047847059045
davidverner,0.22789729255177144
TMWNN,0.2510489174913853
VylonSemaphore,0.1924249390363693
jpe77,0.17475066648589238
shaunc,0.23960051536560062
Slimerbacca,0.09565493464469912
hobbes305,0.1820639403224631
TheCosmicSerpent,0.2339525095054082
savemejebus0,0.029077580839636852
dzastrus,0.2579077541828156
BlankVerse,0.19710971444260839
libbylibertarian,0.17523425817489627
Ginkgopsida,0.43055931031703953
Xenjael,0.018646137416362778
tomjoads,0.09305196404457093
Wilreadit,0.19416872834165896
TheCosmicSerpent,0.07044728100299837
Lutheritus,0.12750327587127683
Left4Donut,0.16447465360164645
BigDickRichie,0.15663805670208406
shahooster,0.18421808481216437
dzastrus,0.23904343105024767
Devchonachko,0.18419239427254663
FreddyFuego,0.28545874357223516
desmando,0.31514632701873785
cherrybombstation,0.3617641180753708
SenorKerry,0.12116610556840898
syuk,0.20757025480270389
Chessmasterrex,0.261687844991684
USAREDLEG,0.16740783825516703
acupoftwodayoldcoffe,0.1021406173706055
mjk05d,0.27824194550514225
Zerowantuthri,0.23243964286247892
GamerToons,0.01801257021725178
Kush_back,0.20599856336627692
Ashley8777,0.23209626674652103
Sarcasticorjustrude,0.37860896587371834
GuacamoleFanatic,0.14594844334455806
uzes_lightning,0.2790394839975569
_jenaraeshun,0.26614620971182984
BusbyBusby,0.24966257628467353
grewapair,0.08226779550313951
Xenjael,0.09759197731812792
ThatOtherGuy_CA,0.18948215249304973
democraticwhre,0.1468098061159253
dan603311,0.14472817182540895
tomjoads,0.27233155667781833
ani625,0.25682939097285273
Boshasaurus_Rex,0.1516801788228931
Slimerbacca,0.1924553888738156
waremi,0.2037305725713571
Toddspickle,0.02756823599338532
BravoRelentless,0.1686990124022677
Mick0331,0.13650743376750213
apollocrush,0.19658044928159468
anonuisance,0.29716905236244207
shahooster,0.12258005539576215
Explodingscience,0.14185528438538314
Mafiya_chlenom_K,0.04536211341619492
el_muchacho_loco,0.11680914312601091
jpe77,0.13722467031743793
jkub101,0.0781637728214264
xsited1,0.18753821220662864
StumpyEddy,0.07650789618492125
pipsdontsqueak,0.2715528239463938
Romek_himself,0.08536788357628715
KubrickIsMyCopilot,0.1896368365734816
cynycal,0.04364575761737248
cherrybombstation,-0.02935854345560074
Slimerbacca,0.12708638111750287
The_Zak-Attak,0.10880744376530255
jpe77,0.25673876686228647
thatoneguys,0.1540678962930055
Shinranshonin,0.08277426585555075
sabatoa,0.24293619692325596
Kingsolomanhere,0.19820234477519993
obarnesmorgan,0.11869870503743492
MaleWizard,0.3295196056365967
scontra788,0.21697082924733993
realitybites365,0.0563048165291548
slowpedal,0.16421894133090975
Kendermassacre,0.09666861891746521
Rowlansm,0.32035292387008674
Dont_Be_Ignant,0.19736881256103517
undue-influence,0.31092817530487527
TeslaAddict,0.10196761356459726
Hyperdrunk,0.011870474740862846
IslamicShibe,0.3502844591935476
FreddyFuego,0.1513409847021103
tomjoads,0.2232139974832535
ninjatune,0.11954858228564264
Lutheritus,0.1403028359015783
cuteman,0.27154526242188054
dzastrus,0.16006378334363305
CasualEcon,0.1200106859207154
RPrevolution,0.6675213575363159
CaulkusAurelis,0.27831648567484485
rufusjonz,0.14642493291334674
whilst,0.2252679060896238
amadeupidentity,0.21583248056747295
middlemanmark,0.15579006125529607
wazzel2u,0.029020178318023674
dajesus77,0.19457944858641854
DukeOfGeek,0.14558566540790102
JazzKatCritic,0.20604716837406165
KaieriNikawerake,0.23584043145179753
tomjoads,0.3122497156262398
RPrevolution,0.28184378147125244
notreallyhereforthis,0.11005749329924586
Boshasaurus_Rex,0.38334339618682856
Desalvo23,0.11923873995741212
Diversionthrow,0.35539201498031625
DogfaceDino,0.16506363909978136
god_im_bored,0.20297329251964893
dev_c0t0d0s0,0.1491363178069393
AshIsGroovy,0.1980418672267397
TeslaAddict,0.2011707678437233
FleshKnife,0.14846906612316768
relevantlife,0.11159068778157236
keenly_disinterested,0.27325998544693
Another-Chance,0.18258170709650745
GreatEqualist,-0.08462508022785187
Jowhoof,0.0795597553253174
god_im_bored,0.2622565034363005
aresef,0.08602413535118102
tomjoads,0.2846400915334622
Nichtmagisch,0.10972976535558703
Chauncy_Prime,0.27476387657225143
notreallyhereforthis,0.29229619503021237
god_im_bored,0.09643008140847088
BlatantConservative,0.11623938152473218
jambears,0.01454962491989136
WippitGuud,0.1146565798521042
Boshasaurus_Rex,0.23662305116653443
dblake123,0.1385764129459858
inthecarcrash,0.08699081540107728
tomjoads,0.23829549908638
RemingtonSnatch,0.039062963922818515
Gringo_Please,0.15637338707101098
DiscardedIdeas,-0.01790572038063637
NachoLawbre,0.07524286508560185
Memetic1,0.027496024966239922
MouthJob,0.21404476761817937
TealOcelot,0.14410135890212325
RemingtonSnatch,0.08075220771133902
Slimerbacca,0.05988970796267193
Im__Bruce_Wayne__AMA,0.1511662943702605
Nevermore60,0.24170884785489144
horrorshowjack,0.05482547302488928
Gbcue,0.16598040858904523
Ironlungz88,0.18651306629180908
Bigred2989,0.22665952547072302
ShellOilNigeria,0.13316672400191978
CommanderMcBragg,0.1908979999485129
Traveling_wonder,0.08057943731546402
Romek_himself,0.2836324931973336
datenschwanz,0.020265761017799373
youreawhinybitch1,0.0910363506525755
winstonsmith7,0.10965302735567094
Boshasaurus_Rex,0.11167222611109415
Kantina,0.10760069288589338
i_smell_my_poop,0.07935729473829271
Grond2016,0.17596710787879097
elfatgato,0.3259568810462952
imrollin,0.09960524439811708
Hallondetegottdet,0.19995940923690794
LackingAHeart,0.15962420531681606
Obandigo,0.09801533818244935
ceccai,0.125876721739769
redhatGizmo,0.09480915413887214
NeonDisease,0.21650322377681733
thorne36,0.2340231090784073
Another-Chance,0.20125579986307354
NachoLawbre,0.07382833957672123
jkub101,0.26103183031082156
_YouDontKnowMe_,0.13677243917379325
free_libre,0.24771207869052897
SeekingEnoch,0.22597496509552006
Rowlansm,0.08794440081851053
wgtt911,0.16296250561873116
Used-Car-Salesman,0.14729089736938478
MartinMan2213,0.059811866283416754
realitybites365,0.14335712343454363
i_smell_my_poop,0.04671679027378559
HS_00,0.24085888862609858
twenafeesh,0.25584694743156433
Galaxy_Ranger_Bob,0.1179092824459076
backpackwayne,0.07874811448156833
richardec,0.04131093621253968
beer_4_breakfast,0.10849741101264955
Brad_Wesley,0.0875036835670471
HR_Paperstacks_402,0.09929117560386659
javi404,-0.0864105373620987
GuacamoleFanatic,0.10243782283444154
Shinranshonin,0.29463955428865224
jpe77,0.3280732366773817
allenahansen,0.31601202487945557
frewfrew,0.2046588480472565
tomjoads,0.3020601234265737
Tolmos,0.28843785524368293
Slimerbacca,0.16645056791603569
Senor_Tucan,0.22980144484100998
jpe77,0.2572128767768542
Scuderia,0.22080902755260468
Imapopulistnow,0.12177928772474095
REDPlLL,0.2561490589922125
YouAintGotToLieCraig,0.2725986778736115
FleshKnife,0.20296649171246425
TrumpSanders2016,0.24655633091926585
thekittycommander,0.07073496133089066
NectarCollecting,0.2061675786972046
Duke28,0.09332605116069319
UnhandledInception,0.24863289584461443
dodgersbenny,0.17081485440097158
rewfrew,0.19350459910275644
Imapopulistnow,0.23070452728271484
apple_kicks,0.20565070509910585
Boshasaurus_Rex,0.2570236332643062
AlwaysABride,0.0
Slimerbacca,0.24474024362862115
allenahansen,0.2532058741905221
Chino1130,0.16598470566730925
LackingAHeart,0.09811817918504988
Gimmie_A_Dollar,0.11559763625264169
cavehobbit,0.19500617709340934
Romek_himself,0.25000329881906513
ElBomberoLoco,0.08384906351566315
ShellOilNigeria,0.20539089860739534
rewfrew,0.11209948762423465
scontra788,0.19465291500091547
mjk1093,0.25209054052829744
lowlatitude,0.03948232233524323
yhwhx,0.20240865026414395
throw_karma,0.22549488544464114
eaglessoar,0.32119345664978033
aglaeasfather,0.24268022179603577
Big_Bag_Of_Nope,0.26883364319801334
ani625,0.145737505313896
dzastrus,0.23787789957863945
AccipiterQ,0.03351424932479858
Firetrucker,0.16782343626022345
TeslaAddict,0.13648857825994495
RogueSquirrel0,0.06383650898933413
postonrddt,0.2816221231505984
dev_c0t0d0s0,0.18872915953397754
MahatmaBuddah,0.07861648052930834
tomjoads,0.24098071654637657
typowilliams,0.12162419590353965
Chessmasterrex,0.11930266208946705
veritasserum,0.1685461022456487
Romek_himself,0.21094121700802515
augustdazed,0.3131003336773979
impressive_specimen,0.16308057904243473
Computationalism,0.13396499156951902
lestranger_,0.3205703973770142
underweargnome04,0.17793886587991345
cynycal,0.06816300514972574
Fuzzyphilosopher,0.16168291568756105
Iamabioticgod,0.281388196349144
unfeelingzeal,0.12730781213577952
GreatEqualist,-0.3193218469619751
Quazimodal,0.199566817602941
lumloon,0.1687444210052491
GoldPenis,0.22072409391403203
LaLongueCarabine,0.4338726997375489
Opechan,0.17701487760059537
readinitagain,0.31667963266372684
pump_the_brakes_son,0.22825799465179442
RogueSquirrel0,0.24693109989166265
localbizdude,0.15615832537412644
wrathborne,0.21316622346639635
BlatantConservative,0.03350029438734055
protekt0r,0.050274932384490975
localbizdude,0.26857293418475564
BigDickRichie,0.1638267695903779
josourcing,0.2075420923428518
lordderplythethird,0.19239476550709117
rewfrew,0.18729238655418157
i_smell_my_poop,0.15864496429761252
Ilovemotorcycles,0.15671783524254962
Bernerberry,0.15681096553802493
duckandcover,0.15650010935098121
ohineedascreenname,0.19019925117492678
Drumlin,0.38658442497253426
noblesix31,0.15320266485214235
slowpedal,0.044952120725065485
thinkB4WeSpeak,0.150603568259741
2boredtocare,0.3133646929264069
TangosWithNapalm,0.19501850008964539
localbizdude,0.20231942044411838
Mafiya_chlenom_K,0.19828067673897656
vanparker,0.20010083913803103
gethighandthink,0.28500700592994693
usurp_slurp,0.15540912610789143
Slimerbacca,0.14314654668172203
redflcn,0.35465955734252935
god_im_bored,0.13025693595409393
jetpackswasyes,0.19434395693242554
Rowlansm,0.08945834040641786
extremetolerance2013,0.24218652248382572
terpin,0.11858400656626779
jleonardbc,0.13524950742721556
RemoteViewingTrainee,0.17664430737495426
tomjoads,0.15096001625061037
beer_4_breakfast,0.07547423243522645
delightmoto,0.10531334280967714
TheCastro,0.04586499860244138
ChipAyten,0.18545950213575801
ZapPowerz,0.28115872343381254
allenahansen,0.42792097032070164
SavageSavant,0.2877129584219721
foxh8er,0.22990313172340396
Slimerbacca,0.22717296509515675
TeslaAddict,0.18317728370428088
sohetellsme,0.031125793854395543
thinkB4WeSpeak,0.08206675556989816
relevantlife,0.2974043659369151
HalalVeggieBacon,0.3138798614343008
yourmomspubichair,0.26721103191375745
son_of_stone,0.07295047044754027
ani625,0.43171031475067134
tomjoads,0.10952287316322329
Vandredd,0.18940914686882135
Concise_Pirate,0.06173137575387956
toeofcamell,0.1452792137861252
el_muchacho_loco,0.18080695867538454
jpe77,0.1589109657257043
Xatencio00,0.08503342270851143
Slimerbacca,0.2143423433105151
GoldPenis,0.2617918252944947
KyuuAA,0.20175621968473448
Cad-Bane,0.19933971166610714
GanjaLadyUSA,0.08897556215524674
MahatmaBuddah,0.1947729349136353
PA2SK,0.265224176645279
random_modnar_5,0.18110925001593736
i_smell_my_poop,0.15455496907234192
Coinivore,0.1242672506792873
aaronhayes26,0.28255213135853413
Imapopulistnow,0.23159122467041018
19djafoij02,0.3777958273887635
perigrinator,0.09256108403205873
foxh8er,0.49719557762146005
saltytrey,0.15965670148531597
Slimerbacca,0.1562130310469204
alienkreeper,0.24070665836334232
jimmyolsenblues,0.22408763855061628
my_kimchi_is_spoiled,0.28285995125770574
OcculusResurrectio,0.13128177523612977
Ovedya2011,0.2768282373746237
rewfrew,0.05579694112141926
LackingAHeart,0.03755488693714142
shavedclean,0.13809733092784884
silverwolfer,0.06993862986564636
ThisGuy481,0.12445643842220308
Kendermassacre,0.4473627090454102
TeslaAddict,0.15567258596420291
LegandOfZelda1986,0.09055601656436922
Slimerbacca,0.3304281388719877
SatanicBloodOrgy,0.23995236035051015
YouAintGotToLieCraig,0.19141211509704592
Used-Car-Salesman,0.19361395750726976
2totwo,0.22223832011222844
MouthJob,0.12964473366737367
Straucher,0.21094634277125207
Lari-Fari,0.20433104038238528
OMGWTFBBQUE,0.1507164756953716
Amac1414,0.24538113972777695
EthosPathosLegos,0.21961263408263523
presidenttrump_2016,0.1665388693355462
Pichus_Wrath,0.1170393109321594
RemoteViewingTrainee,0.280986624956131
phcasper,0.1491389781236649
jpe77,0.25153107709354827
Rtreesaccount420,0.6505534648895264
DogfaceDino,0.47234231692094075
tomjoads,0.15366610157323052
grewapair,0.21156799197196963
TheCarrolll12,0.24639271199703217
alllie,0.3593179766948407
mutatron,0.33697618007659913
93_Vector,0.10100391805171968
Imapopulistnow,0.1558344900608063
mtn_forester,0.18410407304763798
KaieriNikawerake,0.15530586093664178
yakinikutabehoudai,0.26845344901084905
foxh8er,0.19797549247741703
holocauster-ride,0.17694752871990208
RanaktheGreen,0.04952967762947082
Durandal-1707,0.3113955974578858
lets_get_hyyerr,0.05526869297027587
-917-,0.16119802991549176
T1mac,0.1814411246989455
powercow,0.22735422945791678
loveshercoffee,0.2627033829689026
i_smell_my_poop,0.19526424541005066
shaunc,0.1384041770950131
disturbedrod,0.12180542476249472
brandynb,0.254381400346756
MizzouRah22,0.2173375189304352
GreatEqualist,-0.1898043528199196
brandynb,0.22675756216049198
chalk46,0.1712273419648409
sl1878,0.1576671954989433
ShellOilNigeria,0.17402792787600982
Senor_Tucan,0.16768584251403812
MyOldUsernameSucked,0.28899053335189834
MatthewTenThirtyFour,0.19923063066980198
Used-Car-Salesman,0.20936482805645829
Katastic_Voyage,0.027458086609840462
OBAMAS_WAR_COCK,0.36393859386444094
slobis,0.06700899153947831
Triggs390,0.35780804157257085
Hexxman007,0.44222398996353157
delightmoto,0.25111895799636846
Used-Car-Salesman,0.15355355143547061
EIEIOOooo,0.3602844665993702
Picard1178,0.2781644940376282
MouthJob,0.12456700801849367
mutatron,0.18374375820159913
N8CCRG,0.12358113527297976
notreallyhereforthis,0.3026164963841438
st_sebastian,0.2527822673320771
Grond2016,0.1394480991694663
GreatEqualist,0.06832483187317852
Mafiya_chlenom_K,0.26868753433227544
Shinranshonin,0.2419098794460297
MisterBadIdea2,0.14924512358175387
MsKim,0.29050113558769225
ezaspie03,0.21891451478004462
The_Papal_Pilot,0.27473303665717447
flashlight2,0.12431951123934525
Boshasaurus_Rex,0.19958445167541505
dclnzd,0.20528489240578246
catpor,0.04670823812484745
Kingsolomanhere,0.2439919486641884
startingover_90,0.13624973595142367
MyOldUsernameSucked,0.2520976722240449
TheCosmicSerpent,0.11755920350551607
ragonk_1310,0.10080451673931551
cherrybombstation,0.20296115256845954
Another-Chance,0.1012752061640775
Boshasaurus_Rex,0.2325285029411316
USAOne,0.29754633679986
NeonDisease,0.24326248168945308
kajanana,0.13584235161542893
awa224,0.3319595485925675
rationalcomment,0.12386674582958222
sagittate,0.15300687154134116
JutNob,0.1799571990966797
meatpuppet79,0.20279637664556505
bloYolbies,-0.0006547819823026658
gym00p,0.13073266373464357
WakingMusic,0.3849963784217835
MyOldUsernameSucked,0.12368547320365912
thinkB4WeSpeak,0.17643084885218208
welfarecuban,0.2284410953521729
Chessmasterrex,0.17334397435188295
winstonsmith7,0.2114369630813599
Edward_L_J_Bernays,0.1481134951114655
xsited1,0.1218197986483574
Used-Car-Salesman,0.27346358299255374
MahatmaGuru,0.2739656355049045
Puffin_fan,0.023947973549366
CasualEcon,0.05024910271167762
stickylava,0.07563551664352416
Xatencio00,0.08597977757453926
ThatGuyNamedReddit,0.08415818609297278
Picard1178,0.05343442261219025
DeportJJAbrams,0.09077319502830508
Ammonitida,0.18983263069391254
IHv2RtrnSumVdeotapes,0.29659576090899387
mutatron,0.09488518025908976
delightmoto,0.2403663754463196
SHOW_ME_YOUR_UPDOOTS,0.13304046392440794
exbtard,0.33845994472503665
TheHappyMuslim,0.07679105401039124
BlatantConservative,0.1367524501350191
localbizdude,0.23412557474204476
lumloon,0.09633374512195592
atomic1fire,0.4231787621974945
sub_reddits,0.11295431071409474
AmoebaNot,0.26094070672988895
Slimerbacca,0.12413802146911625
MyOldUsernameSucked,0.22556849725982725
loi044,0.2639976978302002
BigDickRichie,0.31008764505386366
Torsionoid,0.020270687341690075
live_action_yiyiyi,0.22395764827728276
GreatEqualist,0.19304402895291714
holocauster-ride,-0.0029945824295282333
ejsal11,0.4530236721038819
Wand_Cloak_Stone,0.1567290008068085
lawanddisorder,0.22183500462108188
shaunc,0.229867833852768
perigrinator,0.2691870957612992
IntrigueDossier,0.20842524915933613
An_Image_Of_Mohammed,0.3005490303039551
BigDickRichie,0.21004056694772513
objectivedesigning,0.06742334067821504
GamerToons,0.0675783008337021
Slimerbacca,0.16844914356867477
Iamabioticgod,0.11659340858459474
richardec,0.11502193389938045
They0001,0.2696520670586163
ImVeryOffended,0.2787506441275279
jackbauers,0.19981372356414795
Imapopulistnow,0.11583701736397216
Egorse,0.04441322386264802
Now_You_Did,0.46028602123260504
Moogra2u,0.3535689609391349
cleancutmover,0.28765731602907185
Life_in_the_tropics,0.014094710350036618
TrumpEnergy,0.07895601242780687
T1mac,0.07485170364379881
Rowlansm,0.07605307102203371
Lutheritus,-0.14933220744132994
Slimerbacca,0.21500998609595828
Slimerbacca,0.14721902161836628
icnoevil,0.18157334658834673
NachoLawbre,0.1374341547489167
BigDickRichie,0.1934387810528279
BusbyBusby,0.12190531688132163
Chessmasterrex,0.08897423744201662
1HopHead,-0.13758839070796966
kiwijews,0.24330267012119297
CSR_Enthusiast,0.194647711198777
Sour_Badger,0.06789366344610853
Beejsterb,0.11752303118507071
overthrow23,0.18632233198298964
DogfaceDino,0.0877340098604178
javi404,-0.16487771272659302
kit8642,0.19054338335990917
Occams_Dental_Floss,0.03130044937133789
Bad_Eugoogoolizer,0.07322657257318498
Jericho_Gaming,0.3516871802012126
DogfaceDino,0.1877926353651744
Calingula,0.18674786608327523
fungoid_sorceror,0.2621949096520742
gunner4440,0.03529611602425576
Ashley8777,0.43428708314895637
TheDelightfulDurian,0.2342838841220315
Stonerallen420,0.21568009257316592
wrathborne,0.3048790812492371
Xatencio00,0.07538306713104255
ImVeryOffended,0.12206950709223749
ParameciaAntic,0.1278685837984085
SenorKerry,0.16124129891395572
Cast_Away_Bob,0.11551888883113863
icnoevil,0.11402554064989091
Boshasaurus_Rex,0.09816340709105136
aggie1391,0.15738686546683311
localbizdude,0.23090637359354227
ThisAintMyPrimary,0.28198126011381025
Trayf,0.41801505088806157
tayaravaknin,0.2438660928239872
Slimerbacca,0.054975578188896194
do_you_even_ship_bro,0.13226850032806395
jpe77,0.19409379627969528
mcthornbody420,0.0524325504899025
fatcat111,0.28906543850898747
xadriancalim,0.27820304632186893
Drumlin,0.17523101408454225
Rtreesaccount420,0.3632526397705078
notreallyhereforthis,0.24852819281319777
hahaitwasme,0.2790375760623387
wizardofthefuture,0.3077190637588501
Kolecr01,0.4135226011276245
PM_me_Venn_diagrams,0.4239147663116456
Live4bacon,0.19217446446418765
Gomazing,0.27768827974796295
paulfromatlanta,0.07452681541442871
TheCosmicSerpent,0.19109232127666473
MeatSpinTheBottle,0.10602822452783586
aresef,0.12794935703277585
frewfrew,0.07697156071662904
jpe77,0.23383299959084344
slowpedal,0.23925655732552217
fungoid_sorceror,0.21028038462003076
newname4u,0.11321050301194194
lordderplythethird,0.08664688978215745
krocker321,0.04864185579121115
HotSatin,0.14564132372462488
sachitatious,0.08760070055723193
Rowlansm,0.20753299891948704
dzastrus,0.21009967103600508
TheCosmicSerpent,0.1365229621372725
B4DASS,0.34911074638366707
el_muchacho_loco,0.16328898668289188
Zeus1325,0.23528927564620974
aDAMNPATRIOT,0.13320857807993897
holocauster-ride,0.07493471878546255
dan603311,0.3266018629074097
libsmak,0.22693032495677473
isafakir,0.21005254589164976
mutatron,0.3950394475460053
avboden,0.504089391231537
Kush_back,0.16236453959462688
canausernamebetoolon,0.09894164163490822
reddrighthand,0.2443150877952576
ZapPowerz,0.5499081373214723
Slimerbacca,0.12685936907927198
alllie,0.03167988359705252
Verronney,0.1290217536687851
heatshield,0.13257919251918793
HalalVeggieBacon,0.22367538511753082
Kush_back,0.3751898288726807
desmando,0.08826467692852022
Slimerbacca,0.27003165284792585
_YouDontKnowMe_,0.1608824449777603
jpe77,0.43031985859076183
hobbes305,0.21366874476273856
Reddit_Z,0.3114182353019715
absolutspacegirl,0.33988537788391104
Slimerbacca,0.16673952500417585
kreich1990,0.10081132650375367
random_modnar_5,0.3869897305965424
Photogd,0.1716834406057994
Elzendobob,0.22314680814743046
moose098,0.1972537457942963
Boshasaurus_Rex,0.20813037335872653
StumpyEddy,0.14718899319175183
The_Papal_Pilot,0.22329101584575797
okiewxchaser,0.2579813310142719
collectivecheckup,0.14413602054119112
tomjoads,0.19062809944152834
general_nuisance,0.10990603881723743
Drumlin,0.22245173156261447
shahooster,0.1635370016098023
agentoneal,0.038206730471415956
runchanlfc,0.03802562355995179
ghostalker47423,0.08832364976406099
Eurynom0s,0.1857703283429146
sportsbot5000,0.24239047765731814
roraima_is_very_tall,-0.29605102377671455
slapadastic,0.11837057417317443
daftne,0.2466606106609106
MellowArtichoke,0.13056880235671994
Brinner,0.10915345773100853
Cinemaphreak,0.28109405300683454
rewfrew,0.221514788703485
Chino1130,0.21212704181671146
catpor,0.24898434281349188
Matthew37,0.2143890030709682
r4ndpaulsbrilloballs,0.3386064541339875
BlankVerse,0.21278387728859394
peregrine13,0.20924576520919805
fencerman,0.08535578548908235
BlatantConservative,0.22194839144376025
SmarmyArmySergeant,0.2181548745622711
soopninjas,0.3087599515914917
GuacamoleFanatic,0.27700149840430205
Disco_Drew,0.27774505914305964
notquiteotaku,0.3790335416793825
edwwsw,0.1587023980245388
Another-Chance,0.17851491310293713
soopninjas,0.16282442629337313
dev_c0t0d0s0,0.10492440064748126
might_be_a_troll,0.17130396403166573
hoosakiwi,0.29868110418319704
RunDNA,0.18083071387626906
cherrybombstation,0.6894176006317139
jambears,0.14194660484790803
an_old_methuselah,0.27723224386572837
jpe77,0.32710373613569477
ViperRT10Matt,0.3230387449264527
Pablo_De_La_Laguna,0.29809750318527223
einperson,0.3462537288665772
winstonsmith7,0.17969784736633304
HateCopyPastComments,0.33092687845230107
TheCosmicSerpent,0.17905918087853095
ani625,0.22976760725352333
Gimmie_A_Dollar,0.17909347216288252
Remount_Kings_Troop_,0.18840453931263518
xsited1,0.08389080762863158
Rowlansm,0.3857856452465058
NachoLawbre,0.29549915373325353
Boshasaurus_Rex,0.20548105597496033
Boshasaurus_Rex,0.3019092381000519
WengFu,0.5709483623504639
DrBoomkin,0.1129797279834747
JazzKatCritic,0.1610378975669543
Xatencio00,0.12216729223728186
lowlatitude,0.11963832378387453
Tsquare43,0.16765834093093873
el_muchacho_loco,0.2755335092544556
Landrin201,0.6562408804893494
hoosakiwi,0.21457736194133759
Puffin_fan,0.42043597698211677
susquehanna_weed,0.2116937041282654
Sun-Anvil,0.18043932951986794
Senor_Tucan,0.22159930113521903
Chessmasterrex,0.06885757595300676
Used-Car-Salesman,0.18367381952703
EIEIOOooo,0.19662995338439945
FowelBallz,0.03188128285109998
hoosakiwi,0.04948597848415375
VylonSemaphore,0.15412631034851076
DukeOfGeek,0.10348939895629883
perogies,0.11963899135589606
mutatron,0.14298940094617693
Trumpicana,0.09429776346683504
CatTrump,0.21793177127838137
toeofcamell,0.13268565684556963
bobovski,0.3245471715927124
gu4po,0.266449123620987
Slimerbacca,-0.03689430306355159
jaxcs,0.19581578157164836
dogGirl666,0.2487880427016381
yavapai,0.3109944999217988
JWAxeMan,0.20663214622322562
free_libre,0.3086167991161347
Codoro,0.21323915322621667
NeonDisease,0.176169802267582
uptheneck,0.15206317519599746
OmahaVike,0.0
ChuckTestarossa,0.15855805780738594
TheGreatPrimate,0.2900515215737479
Autarch_Kade,0.3328855991363526
nist7,0.31313071101903917
CasualEcon,0.06953819096088414
MoonshineExpress,0.2813822865486145
VylonSemaphore,0.22726633879873492
jpe77,0.006575642195012834
jpe77,0.15376043958796398
NachoLawbre,0.13935990035533913
beer_4_breakfast,0.3242984175682068
AndyAndrophile,0.145761251449585
KyuuAA,0.4076669454574586
Egorse,0.2170270085334778
winstonsmith7,0.06317227532466255
mutatron,0.2995702600479126
Gates9,0.23822243040162216
cavehobbit,0.2335716058936301
Slimerbacca,0.15995341738065086
live_action_yiyiyi,0.02207227945327761
PM_me_Venn_diagrams,0.16950670480728153
Tarkmenistan,0.03650217801332474
WippitGuud,0.031883495797713594
krbex,-0.23527580201625822
AlaskanPipeline04,0.14490643143653872
ani625,0.1756483846607471
jpe77,0.16743153641862726
Splenda,0.28037585020065314
GreatEqualist,-0.15943127274513244
10gauge,0.011858439445495602
nothatjanedoe,0.33606545766194656
witchey1,0.1610101103782654
telbat17,0.16529889950385462
notreallyhereforthis,0.2919251427054405
LiberalsAreCancer,0.045602363348007206
AdamWestsBomb,0.1423004922270775
aydiosmio,0.2454178333282471
EIEIOOooo,0.09987557530403139
MangyWendigo,0.28516944050788884
everydayasOrenG,0.08539850314458212
GoingBackToKPax,0.18310375213623048
NeonDisease,0.22204194409506667
AntiHasbaraUnit,0.05371499061584471
arjun1967,0.11832355360190076
MauiKeith,0.1319700989872217
JustinCBarnett,0.2106689170996348
MahatmaBuddah,0.4415616989135743
BigDickRichie,0.060672537982463866
a_fish_out_of_water,0.24783974885940552
Rinzlerx,0.13749971240758896
jpe77,0.2376857240994771
Samurai_Shoehorse,0.19276620267579955
whatistheQuestion,0.18273357947667443
arjun1967,0.18971217870712279
Boshasaurus_Rex,0.1968947683614371
whose_butt_hurts,0.29625767469406133
pipsdontsqueak,0.2670573580881645
NeonDisease,0.22828435897827143
ktchong,0.3333285570144654
tomjoads,0.2103010654449463
DiscardedIdeas,0.185302038376148
Soghain,0.05159162878990172
Q2TheBall,0.5376780331134796
ILikeLenexa,0.21271423101425174
NerdyRomantic,0.1706763625144959
HitlerHistorian,0.14221900357931752
Youdontrealise,0.19272118359804163
Healthy_Economist_86,0.20626998941283414
Grond2016,0.1559599836667379
Brad_Wesley,0.18094144016504285
moltenmoose,0.22330535054206851
sonyka,0.10291250944137571
stoofhan,0.09901508688926698
therion7,0.06831095516681672
Autarch_Kade,0.038598373532295234
fourredfruitstea,0.14668853348886804
Slimerbacca,0.13047593202855853
RemingtonSnatch,0.18085510818703757
KubrickIsMyCopilot,0.34423399766286217
ace425,0.2918265024820964
GreatEqualist,-0.035257671028375626
Sr_Laowai,0.28736852765083315
MidnightFox,0.37346947113672896
notreallyhereforthis,0.3825492821799384
welfarecuban,0.36717533469200136
Miamime,0.16429020592144558
hoosakiwi,0.13755651911099753
toxicbrew,0.19072723704631686
protekt0r,0.2676776379346848
Beejsterb,0.08889754414558412
cherrybombstation,0.12974819775699645
crikey-,0.1620383083820343
Xatencio00,0.1349281032880148
fungobat,0.12648082094060048
Boshasaurus_Rex,0.13129581540822985
Offthepoint,0.10154060125350954
PM_me_Venn_diagrams,0.11229573140541714
TeslaAddict,0.19427842497825623
ent4rent,0.18230998825695777
TheThinMan34,0.24676240682601924
I_Have_an_above_avg_,0.17443887591362003
Slimerbacca,0.16050264437993372
ChuckTestarossa,0.16827338416778886
I_Lived_The_StarWars,0.0670279562473297
toeofcamell,0.2822624266147614
Grepus,0.07150225639343263
purgingitall,0.10290406743685405
oh_no_aliens,0.162790060043335
Commentcarefully,0.12839750647544862
shaunc,0.10809950530529024
GreatEqualist,0.14777420282363893
dblake123,0.5170959234237671
rewfrew,0.16688112417856849
JohnGillnitz,0.03777790665626525
PM_UR_ARMPITS,0.18701764941215515
throwawayman88,0.06153136277305229
Youdontrealise,0.11331861019134523
TheLamestUsername,0.19428356458654716
xadriancalim,0.10961705446243288
I_Have_an_above_avg_,0.4156852402470329
reddrighthand,0.1399360299110413
GonzoVeritas,0.022788672826506876
Jaws76,0.17249854147434235
NeonDisease,0.14364264011383054
philnotfil,0.30944724082946784
mntoak,0.1825333734133857
edbro333,0.18509915445744995
hobbes305,0.11863397061824799
Hyperdrunk,-0.24579028487205504
Ramrod312,0.2983964234590531
RagingCain,0.31619935333728794
BigDickRichie,-0.05146441552788018
meta_perspective,0.21375476817289987
delightmoto,0.20297613345524845
Pichus_Wrath,0.18845427557826044
hobbes305,0.1093340814113617
susquehanna_weed,0.24232726842164998
DukeOfGeek,0.18534166951974237
Used-Car-Salesman,0.18116973638534548
raven0usvampire,0.09565308690071103
free_libre,0.21469425559043886
Used-Car-Salesman,0.2004289269447327
localbizdude,0.16256549954414368
presidenttrump_2016,0.26666568325430046
dblake123,0.24848748445510865
Slimerbacca,0.026177473862965907
OK_Compooper,0.16789126545190813
Bigred2989,0.1497642760872841
BigDickRichie,0.16164532502492276
Torsionoid,0.16985302567481997
NeonDisease,0.17816714048385615
storefront,0.16560946934753
mtn_forester,0.4450020790100098
gooduser_name,0.1876314028861031
Drunk_Hem1ngway,0.3200150839487712
paulfromatlanta,0.3332315826416016
taptapper,0.217784857749939
Scouts_0ut,0.17699648141860969
dzastrus,0.22912226021289825
nebuchadrezzar,0.1370429541383471
cherrybombstation,0.37916505336761475
IThinkTheClockIsSlow,0.11091651916503904
tomjoads,0.14703940987586978
collectivecheckup,0.002401009574532509
-DoubleNegative-,0.18866897821426395
Slimerbacca,-0.006423046191533398
Grond2016,0.2561776127787396
Slimerbacca,0.2259447574615479
FlipsideTripping,0.14362585544586184
protekt0r,0.16161897741258147
Hyperdrunk,0.0672982716560364
EelEyed,0.2632596105337143
pipsdontsqueak,0.21553413251350664
Slimerbacca,0.22666503985722866
Desalvo23,0.17058779855569206
I_Lived_The_StarWars,0.11694710254669187
Wosat,0.2314763188362122
meta_perspective,0.34407874345779427
dropthatpopthat,0.3392005205154419
Kingsolomanhere,0.25502238496144614
Slimerbacca,0.3121426582336427
KyuuAA,0.10790081620216374
CaulkusAurelis,0.12789213856061302
chuttney1,0.16133819818496706
Samurai_Shoehorse,0.15387042760849007
Egorse,0.20210660398006441
Chessmasterrex,0.10172190293669703
iHeartCandicePatton,0.2495780977606774
Grond2016,0.30466843883196515
Gates9,0.18126654624938965
Hyperdrunk,0.04931946486234667
cherrybombstation,0.6309267282485962
saltytrey,0.1952544003725052
JazzKatCritic,0.16325249274571732
An_Image_Of_Mohammed,0.24636403222878778
WakingMusic,0.22871897220611576
AldoTheeApache,0.13030521558089692
uzes_lightning,0.22610157951712614
cherrybombstation,0.29256054759025574
GoingBackToKPax,0.2659324944019318
sonyka,0.03314796090126037
PHealthy,0.2683304137183774
AntonioOfVenice,0.17475753227869675
Boshasaurus_Rex,0.22998767375946047
CashKing52,0.2540040224790574
localbizdude,0.177201055486997
yknphotoman,0.15410757362842561
throw_karma,0.05179460644721984
foxh8er,0.35983464717864994
hayderalinaqvi,0.13883337788283828
hobbes305,0.11950753629207611
lightninhopkins,0.032805301621556274
welfarecuban,0.22010856270790102
hayderalinaqvi03,0.11218486726284028
GuacamoleFanatic,0.0897535168026623
KateLovesAnime,0.13236427009105683
GuacamoleFanatic,0.39751318489250387
CSR_Enthusiast,0.17469345331192018
arjun1967,0.10760831460356717
foobadoop,0.13407604694366457
R_BirthStrike,0.15878974199295046
Trayf,0.28918494135141376
Real_Clever_Username,0.600388765335083
todayilearned83,0.16699312925338747
nothatjanedoe,0.10477742036183674
Sarcasticorjustrude,0.15548239946365358
peregrine13,0.30889607071876524
jpe77,0.16088915483300675
adfoe,0.2491783976554871
perogies,0.09790298938751225
dukesilver94,0.45227211713790894
golson3,0.026619416475296014
live_action_yiyiyi,0.17965544547708934
luster,0.05439512729644774
ShadowedSpoon,0.4880256652832031
Romek_himself,0.0973356514175733
Egorse,0.12105792760849
cynycal,0.14165432236411363
TheCosmicSerpent,0.20587345749721722
allenahansen,0.5938677787780762
solazyme_investor,0.07028651237487792
mdisred2,0.0709771513938904
kingpen_1,0.08983502984046934
whatistheQuestion,0.2015091419219971
BigDickRichie,0.1966343879699708
StumpyEddy,0.054958897829055775
theflamingskull,0.1285348651011785
sturle,0.17435510158538828
Vandredd,0.24873824715614323
kalel1980,0.24764170646667485
2_Sheds_Jackson,0.13730642795562747
azerty1976,0.20097137689590458
Joe434,0.3300934195518494
notreallyhereforthis,0.4126118034124374
tomjoads,0.15358400344848636
mutatron,0.16819354837591002
Kolecr01,0.49773582294583324
MolestedConservative,0.1435014426708222
TealOcelot,0.1490187644958496
Slimerbacca,0.310336987177531
BlatantConservative,0.20864117145538333
Kingsolomanhere,0.17554101347923282
LiberalsAreCancer,0.22552771568298344
Scuderia,0.1464073830218906
coltsmetsfan614,0.4124696731567383
purple_sage2,0.17030493418375653
Vicious43,0.09895221050828701
izzypop112,0.11688124675017136
BigDickRichie,0.3487830735587827
realitybites365,0.056331142187118544
allenahansen,0.10835439403559649
ILikeLenexa,0.16392966359853747
you_buy_this_shit,0.199169743948753
dsfox,0.19638708083166018
ZapPowerz,0.09657976478338243
DingoAteUrBaby,0.1377031981945038
N301CF,0.4408101936181386
Grokrok,0.36651420593261724
DukeOfGeek,0.2365587964470004
ShellOilNigeria,0.2518053102548476
jaymz668,0.28216517368952443
grewapair,0.16817322373390195
eskimobrother319,0.03602578938007355
GFfoundmyusername,0.11390852903326354
AmericanDerp,0.2592931345105173
Nerdlinger,0.35423823595047005
eamus_catuli,0.221689415199789
T1mac,0.10191531181335448
neatopat,0.2889886558055878
crbiker,0.06790820360183715
jpe77,0.3153396447499593
Romek_himself,0.17390002965927123
theflamingskull,0.16329046569392086
GreatEqualist,-0.270600414276123
BigDickRichie,0.28454137444496164
MouthJob,0.040348219871521
Intense_introvert,0.3255836038125886
presidenttrump_2016,0.09256938993930817
BlatantConservative,0.01989385709166527
xsited1,0.14509573344220503
Nilbogtraf,0.17136290371418006
scotchcleanscuts,0.1273804306983948
T1mac,0.2823446492354075
xsited1,0.0509623885154724
doorbellguy,0.21680654852423403
neatopat,0.08467849642038347
JohnGillnitz,0.09222333431243894
LegsEggs,0.04840949177742003
ejsal11,0.21524360775947574
allenahansen,0.3314121961593628
hobbes305,0.16758636757731438
Another-Chance,0.08298328115347443
SmarmyArmySergeant,0.24163663103466942
Another-Chance,0.20791927377382918
drmctesticles,0.23065175414085393
urfaselol,0.4124216715494792
Chessmasterrex,0.1718394756317139
Tsquare43,0.18441045284271243
RPrevolution,0.2655070349574089
helpmesleep666,0.09182643890380857
IHv2RtrnSumVdeotapes,0.23837242126464847
RunDNA,0.014073218405246732
tehgerbil,0.11300012469291688
wgtt911,0.21879031062126167
cos,0.08243128061294554
JazzKatCritic,0.24656836787859598
Rowlansm,0.30470988750457767
free_libre,0.13862289885679885
plato1123,0.26303043798966846
UTEngie,0.17316654324531555
tomjoads,0.3409764111042023
jpe77,0.24907674524519177
Boshasaurus_Rex,0.19900511035413454
nuropath,0.054806578159332285
GiuseppeZangara,0.25592907955426536
webauteur,0.1466162145137787
SmarmyArmySergeant,0.19733030233709584
Xatencio00,0.021867378354072584
BlatantConservative,0.10255640745162965
ineedmoresleep,0.19852691888809215
CasualEcon,0.07296426594257359
toeofcamell,0.31381273269653326
BlatantConservative,0.17254774868488312
AdrianBlake,0.23396589159965528
mntoak,0.033242393285036094
Chino1130,0.12986315190792083
Hyperdrunk,0.09192756772041323
ucd_pete,0.044588781893253326
Lutheritus,0.0303206980228424
Hyperdrunk,0.10804646718196381
el_muchacho_loco,0.1465501427650452
ecce-homo,0.4042319297790528
catpor,0.23582960294352637
Boshasaurus_Rex,0.2108458449840546
LionelHutz_Law,0.059377768635749825
SmarmyArmySergeant,0.1304633440006347
Ashley8777,0.08503119498491288
Slimerbacca,0.17226053302486743
Zeus1325,0.22237177899905616
horseradishking,0.07938388586044309
Boshasaurus_Rex,0.13105508369205057
Cast_Away_Bob,0.11594227552413942
retapeoj,0.31279159784317023
thinkB4WeSpeak,0.3280898121687082
apple_kicks,0.2418753504753113
frewfrew,0.11758940998050904
angrygolfer1,0.29315820336341863
soopninjas,0.302184346318245
Shinranshonin,0.4929386973381043
cybermage,0.30678486943244937
notreallyhereforthis,0.6180803596973419
EIEIOOooo,0.0890589237213135
coreyqqq,0.13494799085534537
WakingMusic,0.16764326021075251
briancon,0.0512108564376831
Death_Star_,0.21296462416648868
Jericho_Gaming,0.31198006166352166
jpe77,0.12092527714040543
cyanocittaetprocyon,0.10672431215643885
GreatEqualist,0.08704490363597872
Scuderia,0.2610724940896035
grandma_alice,0.10161367621686725
paulfromatlanta,0.1977521297335625
jambears,0.18326826492945356
CrackHeadRodeo,0.05688076019287108
udder_mudder,0.24596399403248428
nothatjanedoe,0.17680041948954262
raknor88,0.19279745742678644
BlatantConservative,0.17991332822147094
PrestoVivace,0.2006041956760667
IphtashuFitz,0.2156050980091096
jpe77,0.17402045471800698
NeonDisease,0.12019863128662106
meteorblade,0.23431842625141147
FLOSS_FINDER,0.04567763954401017
Ready2Comply,0.11855182424187657
awhq,0.17555297613143925
libbylibertarian,0.2142956442103304
rhynodegreat,0.3809906244277954
WeInventedtheRemix,0.15254001319408422
TangosWithNapalm,0.35926130811373397
PeacefullyFighting,0.22963167362742953
live_action_yiyiyi,0.09365389645099642
helpmesleep666,0.20554954174058032
Idolglows,0.03492760509252549
TeslaAddict,0.2871736943721772
pvntr,0.25032969474792477
therion7,0.2348332688212395
Katastic_Voyage,0.11656869947910309
cherrybombstation,0.22699353098869324
amykhar,0.08233878016471863
thinkB4WeSpeak,0.13647419535196745
AlaskanPipeline04,0.08190221786499025
Tsquare43,0.1309700459241867
TheScamr,0.2896113705635071
rewfrew,-0.02487095197041829
Boshasaurus_Rex,0.08493811070919037
ShellOilNigeria,0.12981831881183167
iZacAsimov,0.09570688605308537
jpe77,0.13206945306173076
Sarcasticorjustrude,0.08450022339820863
xsited1,0.0628784954547882
ElBomberoLoco,0.1267528407275677
postonrddt,0.3889484196901321
toremygooch,0.056863226741552364
shaunc,0.10539256632328033
Live4bacon,0.22474091649055483
seahawkguy,0.1441474869847298
localbizdude,0.1969730602370368
Dakkonfire,0.08831496834754946
VylonSemaphore,0.06185355484485627
jpe77,0.33621886041429305
kalel1980,0.15997964143753055
DeveloperChris,0.32557157278060916
cherrybombstation,0.07624167818576097
thinkB4WeSpeak,0.10780221314166057
Bigred2989,0.2571319788694382
free_libre,0.20140843675252326
Slimerbacca,0.16442463707040858
fungobat,0.2456603050231934
ayfextron,0.04228679537773133
objectivedesigning,0.24598209857940678
just_a_thought4U,0.12480255067348482
tomjoads,0.07974455952644352
TheAngriestManOnErth,0.04851521290838718
johnknoefler,0.3253036660532797
uptheneck,0.17820542812347415
alitheboss55,0.040767359733581546
Lutheritus,0.19385508298873902
Egorse,0.3151323795318604
therealnilesstandish,0.14214532971382143
Zerowantuthri,0.09323501884937285
SmurfsAreTasty,0.22406349778175358
Computationalism,0.0741254687309265
lordderplythethird,0.17534143533557656
Boshasaurus_Rex,0.21269239537299625
KyuuAA,0.23466129601001742
Concise_Pirate,0.051555906236171734
Another-Chance,0.3062032957871756
MouthJob,0.11164427660405637
TMWNN,0.3291515517234803
Wooperth,0.2901923666397731
ani625,0.1962684690952301
VylonSemaphore,0.44845733642578134
VulcanHobo,0.24313954909642543
FreddyFuego,0.11677545905113222
delightmoto,0.1747877691189448
thepasttenseofdraw,0.15846140682697296
LargeMonty,0.09114413857460023
tttggg333,0.18889483809471133
KyuuAA,0.11788387298583985
Rtreesaccount420,0.201023030035636
Charles__Martel,0.3085745930671692
boston_shua,0.19232357080493653
DastardlyMime,0.3483338356018067
jsct,0.17923389673233034
winstonsmith7,0.14654284045100216
notreallyhereforthis,0.41811472177505493
libbylibertarian,0.1426861021667719
BusbyBusby,0.2503452211618424
AllezCannes,0.21424756944179535
itssexytime,0.13256774842739105
webauteur,0.04084396809339524
pizzaman2012,0.14399547486594227
JulesHaggard,0.2543102969063653
NachoLawbre,0.24431886076927198
Stoga,0.24152299276682054
xsited1,0.24211166588465377
terpin,0.31426155567169195
Cat-no-Dog,0.2005073750685198
hoosakiwi,0.22970049977302553
winstonsmith7,0.23147657016913095
dzastrus,0.12415901385247709
theflamingskull,0.16672312611341478
Shinranshonin,0.1687237232923508
Chauncy_Prime,0.09476922377943994
TerryCallahan,0.17057406306266787
Chino1130,0.2316969282097287
hoosakiwi,0.2820694863796234
agentf90,0.20042109351072995
Kylde,0.3415503194226938
Flubber678,0.029656568169593816
nebuchadrezzar,0.3107597304241998
Vandredd,0.1916764653749812
FrenchCuirassier,0.2866218380699004
hoosakiwi,0.28125565052032475
Grond2016,0.06911908586819969
TheBestof73,0.21539626419544222
b1r2o3ccoli,0.15769722461700442
slapadastic,0.1955169796943665
dzastrus,0.14700980186462403
ChummerLicious,0.1077320694923401
jpe77,0.1906352308425565
gerwer,0.02661361768841744
ILikeLenexa,0.25881470143795016
Tank_Cheetah,0.12188584506511695
Femtoscientist,0.2278373420238495
Samurai_Shoehorse,0.18299291729927067
thekidfromtheburgh,0.06898065805435179
rewfrew,0.10166115562121071
tito333,0.29225085005164153
presidenttrump_2016,0.3013886690139771
TheBestof73,0.22257802104949956
ghostofpennwast,0.23691582790640897
localbizdude,0.23280957688887916
jetpackswasyes,0.22318608462810519
Gates9,0.29139338511687063
electricfoxx,0.2115594863891602
luaP_uoY_kcuF,0.5999999642372132
barisazalea,0.11961883306503296
barbedvelvet,0.2784728765487671
hoosakiwi,0.19158951938152316
Boshasaurus_Rex,0.1414983469247818
cptaixel,0.21745052844285967
Kolima25,0.18106157415442994
AlaskanPipeline04,0.026355525664985183
GeneralJerk,0.11118756830692293
jpe77,0.18748747496693222
Echost,0.1922150015830994
Concise_Pirate,0.229763674736023
ace425,0.11770172367493315
jimmyolsenblues,0.07315971160188632
foxh8er,0.17087956666946413
i_smell_my_poop,0.43366945981979377
mntoak,0.14441911071538927
staticjacket,0.21333623906763935
collectivecheckup,0.03631102144718171
perogies,0.10778823581834637
VulcanHobo,0.16086975336074832
Wilreadit,0.13109911903738977
newsagg,0.18773331623046832
pipsdontsqueak,0.3143687209990849
perogies,0.3077728271484377
Firetrucker,0.2877275347709657
pyronius,0.19009094918058037
FrenchCuirassier,0.31123172839482627
apollocrush,0.181174510717392
welfarecuban,0.220364260673523
golson3,0.05765944123268126
Grond2016,0.14849665363629663
strattonbrazil,0.2695795867219568
Dissident_is_here,0.2882665872573853
GanjaLadyUSA,0.03692524433135985
SenorKerry,0.20534577369689944
perigrinator,0.22688043862581256
libbylibertarian,0.0794906795024872
OcculusResurrectio,0.5061467170715332
Desalvo23,0.2704909980297089
Sun-Anvil,0.3130276679992676
Slimerbacca,0.10768472244793723
nbathoughts,0.22446255683898922
Another-Chance,0.3240725609991286
neatopat,0.35149889758655
cynycal,0.19807043942538186
marisam7,0.01562509909272194
spartanTruth,0.11034797042608262
Slimerbacca,0.1513376867125432
Slimerbacca,0.025801709045966473
Slimerbacca,0.17683045510450998
Another-Chance,0.2403299811813567
Nerdlinger,0.17065651416778568
GreatEqualist,-0.056766990944743155
cynycal,0.08757511874039972
Boshasaurus_Rex,0.1427744683623314
twoweektrial,-0.0004932004958391188
FortyYearOldVirgin,0.15827302623678138
misstastemaker,0.08745853528380394
ILoveLamp9,0.06162060946226123
SirLenzalot,0.186137330532074
LionelHutz_Law,0.23570050795873007
monkiesnacks,0.10873995423316957
RemoteViewingTrainee,0.2542466998100281
CasualEcon,0.1786189019680024
heather80,0.0865756429731846
MidnightFox,0.12802018423875172
physicsfan1,0.2511299639940262
Snukkems,0.09766614317893985
AKindHuman,0.11139433085918424
Another-Chance,0.27654081450568313
Sjwsrs2,0.04481899688641229
Myfeelzarespecial,0.1819887419541677
ShellOilNigeria,0.22824293652434405
Egorse,0.1676536560058594
ShellOilNigeria,0.1978457543535978
dblake123,0.23586487842516768
misstastemaker,0.2584715187549591
rob_shi,0.24756495356559757
Jamie--Gib,0.2869034267961979
andrewdt10,0.35968649139006936
lorddimwit,0.14834546605161592
Chauncy_Prime,0.2732526414924198
Dinolms,0.3065636515617371
KubrickIsMyCopilot,0.2973586678504944
DastardlyMime,0.23287149941203777
agentf90,0.14298148708684105
Xenjael,0.0441102464993795
winstonsmith7,0.40429773330688484
Slimerbacca,0.06563047965367637
OmahaVike,0.0
KyuuAA,0.06505707353353501
Picard1178,0.3326408968521999
Dbr0wn,0.3011406362056732
Society_in_decline,0.17844717485564102
ShellOilNigeria,0.22852817332303083
nebuchadrezzar,0.17305052871150634
Elzendobob,0.3494572520256043
HalalVeggieBacon,0.1534104352196058
TheCheshireCody,0.23249188363552095
redflcn,0.20693394862115383
PrivateCoporalGoneMD,0.15390107627167854
sonyka,0.1951173535734415
Xenjael,0.06411942274406038
Cressida_Sybil,0.2361453920602799
localbizdude,0.32263026237487785
legurnster,0.02562409713864327
GreatEqualist,0.12249572522110408
TheGreatPrimate,0.09117747545242308
eorld,0.1460385153690974
The_Withheld_Name,0.30636779665946967
EIEIOOooo,0.06057644784450532
WhiteBarn101,-0.06980015039443968
Uxoguy,0.2994721591472626
acupoftwodayoldcoffe,0.04855170249938966
delightmoto,0.4527210116386414
Egorse,0.18942991033196452
ThinkMinty,0.1932043679058552
blacklabelpaul,0.21121895313262934
Darrkman,0.11998845338821408
Voyage_of_Roadkill,0.46227556467056274
apmechev,0.12127641141414644
TheGreatPrimate,0.11664770841598508
Boshasaurus_Rex,0.2926544451713562
TacoBenderz,0.2282175819079081
vatred,0.1732202447122998
Jenga55,0.06338559687137604
uptheneck,0.110319881439209
Blackbeard_,0.2494221925735474
localbizdude,0.23186079263687132
PM_me_Venn_diagrams,0.16220181927084926
TheCosmicSerpent,0.18806490898132328
hoosakiwi,0.26229836940765383
Zorthianator,0.18317944407463077
legurnster,0.271979033946991
BDB_JCD,0.210883798526945
Hahahahahahai,0.22080574035644535
rewfrew,0.16166852215925856
delightmoto,0.31335650682449345
TheCosmicSerpent,0.19170158207416538
Intense_introvert,0.06828547428051629
storefront,0.037815365195274356
KYLO__REN,0.24662844667556116
lilac2481,0.011305461451411246
They0001,0.19579200625419613
everydayasOrenG,-0.3944931864738464
an_actual_lawyer,0.14966497930387657
Ynwe,0.22647786572371806
i_smell_my_poop,0.07832633256912233
They0001,0.08387825489044189
Charles__Martel,0.18536218882671426
Opechan,0.20112617154661405
Dixie_Flatlin3,0.2549813389778138
Worstdriver,0.18163432021935783
goldman_ct,0.4422368645668032
tomjoads,0.181368899345398
Used-Car-Salesman,0.3107865929603577
Boshasaurus_Rex,0.15480577945709229
Trayf,0.3736027479171753
Shinranshonin,0.03784526735544205
withmirrors,0.3051566243171693
HaywoodJablomie2512,0.19548554420471195
no-mad,0.23404093980789192
notreallyhereforthis,0.1469152034093172
rewfrew,0.23823966042122302
10gauge,0.021936847766240435
FactsBeforeFiction,0.22391337926737623
VylonSemaphore,0.19051836497253846
rippleffect81,0.11633650958538055
4609203,0.15760117918252953
relevantlife,0.1878997085627031
ZapPowerz,0.42700960636138924
hobbes305,0.23299094022976027
Tsquare43,0.17669613100813478
julianorange,0.2634553545713425
FutureOmelet,0.02451133877038955
Skadota,0.10296178162097931
jpe77,0.2370799462662802
Deepfriedlogic,0.23792755007743838
BlatantConservative,0.1750785465185242
free_libre,0.2197435635057363
Trayf,0.16621739864349366
tiltawhirling,0.21498193442821503
Slimerbacca,0.11732368270556134
KubrickIsMyCopilot,0.23154133558273318
dblake123,0.37186023592948914
god_im_bored,0.13856054345766705
ChuckTestarossa,0.10142963826656343
delightmoto,0.14704142928123476
MahatmaBuddah,0.22821367979049687
I_divided_by_0-,0.04048998355865479
fredbnh,0.05473021566867829
TeslaAddict,0.2653457424806994
R_BirthStrike,0.1269511342048645
tickingboxes,0.2525541409850121
Boshasaurus_Rex,0.16110933562740684
coderbond,0.1714284181594849
SanFranCiscoMan,0.19310890436172481
free_libre,0.28038661479949967
foxh8er,0.2507820000633216
bustergonad,0.4053683638572692
ScoopMYpoOp,0.13660404682159427
Boshasaurus_Rex,0.1588718893349945
Xenjael,-0.13345351219177243
cypressgreen,0.3185427403450012
Nichtmagisch,0.14836029410362245
CylonbabyLiam,0.04691693633794785
Nevermore60,0.13032728436467036
udder_mudder,0.1686415203899198
TheNerdyNegro,0.13927096329436614
Nerdlinger,0.08843770623207094
Chauncy_Prime,0.2659248590469361
xatencio000,0.3365581870079041
TheWuggening,0.08720196388725543
TheScamr,0.1727961838245392
SueZbell,0.0
Aelinsaar,0.31395313739776615
winstonsmith7,0.20977956644588702
notreallyhereforthis,0.46050106287002557
RESIST_GLOBALISM,0.2996689975261689
duckandcover,0.0903411314305332
Toddspickle,0.10786421746015551
PantsuitApocalypse,0.2354355275630951
Ammonitida,0.2952268302440644
EIEIOOooo,0.0983019679784775
notreallyhereforthis,0.4932619929313659
notreallyhereforthis,0.6394603550434111
Death_Star_,0.16060209274291995
augustdazed,0.2266073450446129
Slimerbacca,0.1518057617876265
TealOcelot,0.3905070822685957
dzastrus,0.22980721592903142
i_smell_my_poop,0.09059100935856503
shahooster,0.17179260935102197
Boshasaurus_Rex,0.22897725919882458
conuly,0.2910208444034351
Dont_Be_Ignant,0.3473960698975457
tayaravaknin,0.2601316094398499
75000_Tokkul,0.2543990645143721
tayaravaknin,0.2514576216538747
Boshasaurus_Rex,0.2739757911776051
big65,0.2119206324219704
PaperHatParade,0.43337663412094124
Hexxman007,0.2696770548820496
USASuperUnknown,0.033634711056947715
TheInfoLibertarian,0.3328775176778436
AldoTheeApache,0.10054911808534103
PerlenketteFurDich,0.3409302860498429
Boshasaurus_Rex,0.15625538468360903
BrocanGawd,0.17164676934480672
ThatGuyNamedReddit,0.1433378467957179
Simi510,0.14267557561397554
Chino1130,0.446560549736023
Salsa_Johnny,0.3643514186143875
2evil,0.18958099570539266
drew1492,0.11971872581375971
luster,0.19514415711164473
Shinranshonin,0.22466387120326833
ThatGuyNamedReddit,0.18279407223065697
hawk4951,0.1873328715562821
ujorge,0.19012932860189016
agelessnvegas,0.28622887730598456
N8CCRG,0.18808865019103943
poohspiglet,0.19029133915901186
IBiteYou,0.3624957506473249
GuruMeditationError,0.01879490613937378
Highfaluter,0.18831292152404785
OliveAndLetDie,0.14265338480472567
AlwaysABride,0.13908053338527682
foxh8er,0.1813836125495993
realityno,0.2391311645507813
Brad_Wesley,0.03670593798160552
Used-Car-Salesman,0.25369116067886355
julianorange,0.15603493452072145
dcismia,0.08560561736424764
jpe77,0.2046690477265252
jpe77,0.2363238043255276
pqdtwrkp,0.41065803021192554
theflamingskull,0.2177614395618439
BigDickRichie,0.27850154042243963
l-_-p,0.2385934710502625
undreamt_odds,0.21947198510169985
Roonweld,0.299278736114502
StumpyEddy,0.17679969966411593
ninjatune,0.0420583412051201
nopropaganda,0.04741891920566558
jkub101,0.12586925625801088
figurativelyliteral8,0.09867993742227553
pillowgrinder,0.19020385779440405
_aliased,0.18512312173843384
Lutheritus,0.12061662673950192
SirLenzalot,0.19043397903442386
Kolecr01,0.08676505088806152
notreallyhereforthis,0.43068155050277707
protekt0r,0.11455759406089784
DiscardedIdeas,-0.016669157376656172
The_Papal_Pilot,0.5525082498788834
Slimerbacca,0.0377400577068329
Damasticator,0.10530378818511961
RxVote,0.08424835205078123
lorddimwit,0.2591620494209138
Slimerbacca,0.1528624854284505
physicsfan1,0.13160952329635622
Shinranshonin,0.2773395923304958
allenahansen,0.3930649757385254
Ironlungz88,0.2081303603947163
GiveMeNotTheBoots,0.17655241233961924
jake531,0.2556700110435486
withmirrors,0.3074651241302492
TheNerdyNegro,0.2441595554351807
Ammonitida,0.18712162971496585
arjun1967,0.05916701629757881
Slimerbacca,0.09175586899121604
BendersCasino,0.31641245484352115
perogies,0.20495209693908703
santisus,0.1082604823840989
KubrickIsMyCopilot,-0.01966817602515221
AmericanSince1639,0.25604842901229863
jpe77,0.17211019330554536
agentf90,0.3286742346627372
awa224,0.1381367862224579
chalk46,0.2415194283787606
xatencio000,0.29868242740631107
MyRealNameIsFurry,0.14450168957312906
Boshasaurus_Rex,0.2009310220628977
Chunkeeguy,0.12292974233627321
i_smell_my_poop,0.339201307296753
Boshasaurus_Rex,0.28103466987609865
Mac6842,0.23821964263916018
MangyWendigo,0.10140684843063356
KubrickIsMyCopilot,0.21854762434959416
Slimerbacca,0.09564505616823836
Autarch_Kade,0.07513554096221925
cleancutmover,0.1837128326296807
Snukkems,0.07637286707758903
Ximitar,0.08601713776588442
ShadowedSpoon,0.14320192676256682
physicsfan1,0.21356625556945802
yavapai,0.24909069481197535
localbizdude,0.18677641749382018
Egorse,0.1854256868362427
Society_in_decline,0.24221240580081943
TunnelSnake88,0.01069194748997688
Quazimodal,0.4109837651252748
anonuisance,0.6251470446586609
Tsquare43,0.19533773660659792
free_libre,0.08283478617668157
HotSatin,0.1478339352390983
Stockinglegs,0.14523864847071694
TeslaAddict,0.22186407910452954
allenahansen,0.34043872356414795
gooduser_name,0.17262334227561954
theflamingskull,0.023184983611106876
thinkB4WeSpeak,0.2634703840200717
thinkB4WeSpeak,0.18939309395276582
301ss,0.3016669054826101
Intense_introvert,0.16219387054443357
dzastrus,0.1720739006996155
RedMushtoom,0.21212386786937715
Slimerbacca,0.07479940056800845
rewfrew,0.11420832077662148
parrishthethought,0.42312147617340096
waremi,0.23297554254531866
Agwtis27,0.11099447011947629
Another-Chance,0.22646345065699686
Ice_Burn,0.3517913103103638
Lutheritus,0.06068215966224669
OHAnon,0.09445494413375852
Boshasaurus_Rex,0.11814803004264832
onepoint9,0.3683168292045593
PM_UR_ARMPITS,0.20966431498527527
Chessmasterrex,0.1084344506263733
pillowgrinder,0.1775340676307678
ThatGuyNamedReddit,0.31605405807495124
Slimerbacca,0.1675511479377747
lordderplythethird,0.10127919912338258
Makewhatyouwant,0.2180714249610902
Obandigo,0.2869378209114075
Cast_Away_Bob,0.19899233579635622
HotSatin,0.2761047915978867
ZapPowerz,0.17493524418936837
Chessmasterrex,0.23887739181518558
udder_mudder,0.2774637937545777
udder_mudder,0.30990257263183596
udder_mudder,0.16834880510965985
thinkB4WeSpeak,0.14619695314994224
Adsterbail,0.07839378118515013
palomablanca,0.2393568634986878
